{
	"powers": [
		"hypno:playstyle/hermes/kinnara/winged",
		"hypno:playstyle/hermes/kinnara/winds",
		"hypno:playstyle/hermes/kinnara/offering",
		"hypno:playstyle/hermes/kinnara/monsoon",
		"hypno:playstyle/hermes/kinnara/zephyr",
		"hypno:playstyle/hermes/kinnara/squall",
		"hypno:playstyle/hermes/kinnara/armor"
	],
	"icon": {
		"item": "minecraft:feather"
	},
	"order": 1,
	"impact": 0,
	"name": "Kinnara",
	"description": "Lovebirds of Paradise, they are the most gracious inhabitants of the sky. They roam free in the kingdom of Garuda, bringing peace wherever they go."
} 