{
	"powers": [
		"hypno:playstyle/hermes/ratatoskr/portal",
		"hypno:playstyle/hermes/ratatoskr/squirrel",
		"hypno:playstyle/hermes/ratatoskr/branches",
		"hypno:playstyle/hermes/ratatoskr/blink",
		"hypno:playstyle/hermes/ratatoskr/armor"
	],
	"icon": {
		"item": "minecraft:diamond",
		"tag": "{CustomModelData:9,Enchantments:[{}],\"enchant_the_rainbow:GlintColor\":9}"
	},
	"order": 1,
	"impact": 0,
	"name": "Ratatosken",
	"description": "Heirs of the messenger of Gods, you are a little horned-squirrel with powers ressembling those of your ancestor. Agile and quick on their feet, they roam the land as the mischiefs of Yggdrasil."
}