{
    "name": "Lightning Eater",
    "description": "You do not take damage from lighting; In comparison, you get infused by it. Being infused makes you powerful and allows you to recharge your electro-bar faster. Additionally, you can inflict stacks of SHOCK to your enemies.",
    "badges": [
        {
            "type": "origins:tooltip",
            "sprite": "origins:textures/gui/badge/info.png",
            "text": "Entities affected by SHOCK deal 20% less damage. Upon reaching the third stack of SHOCK, they will be hit with lightning for additional damage!"
        }
    ],
    "type": "origins:multiple",
    "immunity": {
        "type": "origins:modify_damage_taken",
        "damage_condition": {
            "type": "origins:or",
            "conditions": [
                {
                    "type": "origins:name",
                    "name": "lightningBolt"
                },
                {
                    "type": "origins:name",
                    "name": "lightningBolt.player"
                }
            ]
        },
        "modifier": {
            "name": "Immune",
            "operation": "multiply_total",
            "value": -1
        },
        "self_action": {
            "type": "origins:and",
            "actions": [
                {
                    "type": "origins:execute_command",
                    "command": "power grant @s hypno:playstyle/zeus/raiju/infused"
                },
                {
                    "type": "origins:extinguish"
                },
                {
                    "type": "origins:if_else",
                    "condition": {
                        "type": "origins:power_active",
                        "power": "hypno:playstyle/zeus/raiju/lightning_fast_toggle"
                    },
                    "if_action": {
                        "type": "origins:and",
                        "actions": [
                            {
                                "type": "origins:execute_command",
                                "command": "power grant @s hypno:playstyle/zeus/raiju/discharged"
                            },
                            {
                                "type": "origins:toggle",
                                "power": "hypno:playstyle/zeus/raiju/lightning_fast_toggle"
                            }
                        ]
                    }
                }
            ]
        }
    },
    "hidden": false
}