{
    "name":"Conductive Armor",
    "description":"You can't wear armor that is equal or better than diamond armor. Being a being of colossal energy, diamonds insulate your energy and prevents you from using any of that same energy.",
    "badges": [
        {
            "type": "origins:tooltip",
            "sprite": "origins:textures/gui/badge/info.png",
            "text": "Additionally, iron armor gives you a slight amount of toughness."
        }
    ],
    "type": "origins:multiple",
    "restrict":{
        "type": "origins:restrict_armor",
        "head": {
            "type": "origins:armor_value",
            "comparison": ">",
            "compare_to": 2
        },
        "chest": {
            "type": "origins:armor_value",
            "comparison": ">",
            "compare_to": 6
        },
        "legs": {
            "type": "origins:armor_value",
            "comparison": ">",
            "compare_to": 5
        },
        "feet": {
            "type": "origins:armor_value",
            "comparison": ">",
            "compare_to": 2
        }
    },
    "helmet_toughness":{
        "type": "origins:conditioned_attribute",
        "modifier": {
            "attribute": "minecraft:generic.armor_toughness",
            "operation": "addition",
            "value": 1,
            "name": "Additional Armor toughness"
        },
        "tick_rate": 20,
        "condition":  {
            "type": "origins:equipped_item",
            "equipment_slot": "head",
            "item_condition": {
                "type": "origins:ingredient",
                "ingredient": {
                    "item": "minecraft:iron_helmet"
                }
            }
        }
    },
    "chestplate_toughness":{
        "type": "origins:conditioned_attribute",
        "modifier": {
            "attribute": "minecraft:generic.armor_toughness",
            "operation": "addition",
            "value": 2,
            "name": "Additional Armor toughness"
        },
        "tick_rate": 20,
        "condition":  {
            "type": "origins:equipped_item",
            "equipment_slot": "chest",
            "item_condition": {
                "type": "origins:ingredient",
                "ingredient": {
                    "item": "minecraft:iron_chestplate"
                }
            }
        }
    },
    "leggings_toughness":{
        "type": "origins:conditioned_attribute",
        "modifier": {
            "attribute": "minecraft:generic.armor_toughness",
            "operation": "addition",
            "value": 2,
            "name": "Additional Armor toughness"
        },
        "tick_rate": 20,
        "condition":  {
            "type": "origins:equipped_item",
            "equipment_slot": "legs",
            "item_condition": {
                "type": "origins:ingredient",
                "ingredient": {
                    "item": "minecraft:iron_leggings"
                }
            }
        }
    },
    "boots_toughness":{
        "type": "origins:conditioned_attribute",
        "modifier": {
            "attribute": "minecraft:generic.armor_toughness",
            "operation": "addition",
            "value": 1,
            "name": "Additional Armor toughness"
        },
        "tick_rate": 20,
        "condition":  {
            "type": "origins:equipped_item",
            "equipment_slot": "feet",
            "item_condition": {
                "type": "origins:ingredient",
                "ingredient": {
                    "item": "minecraft:iron_boots"
                }
            }
        }
    },
    "hidden": false
}