{
    "name": "Carnivore",
	"description": "You are used to eating meat, but therefore, anything else grants you no satisfaction.",
    "type": "origins:multiple",
    "unedible_items": {
    "type": "origins:prevent_item_use",
    "item_condition": {
        "type":"origins:and",
        "conditions":[{
        "type": "origins:ingredient",
        "ingredient": {
            "tag": "hypno:meat"
        },
        "inverted": true
    },
    {
        "type": "origins:food"
    }
    ]
    }
    }
}