{
    "name":"Shocked",
    "description":"You take more damage and can't move as well.",
    "type": "origins:multiple",
    "timer":
    {
        "type": "origins:resource",
        "min": 0,
        "max": 100,
        "start_value": 10,
        "hud_render": {
            "should_render": false
        },
        "min_action": {
            "type": "origins:execute_command",
            "command": "power remove @s hypno:playstyle/zeus/raiju/dazed"
        }
    },
    "timer_down":{
        "type": "origins:action_over_time",
        "entity_action": {
            "type": "origins:change_resource",
            "resource": "hypno:playstyle/zeus/raiju/dazed_timer",
            "change": -1
        },
        "interval": 1
    },
    "weakened_damage":{
        "type": "origins:modify_damage_dealt",
        "modifier": {
            "name": "Weakened damage",
            "operation": "multiply_total",
            "value": -0.50
        }
    },
    "slowdown": {
        "type": "origins:prevent_sprinting"
    },
    "slowdown2": {
        "type": "origins:modify_velocity",
        "modifier": {
            "value": -0.6,
            "operation": "multiply_total"
        },
        "axes": [
            "x",
            "z"
        ]
    },
    "slower_roll_recharge":{
        "type": "origins:attribute",
        "modifier": {
            "name": "Slower recharge",
            "attribute": "combatroll:recharge",
            "value": -1,
            "operation": "multiply_base"
        }
    },
    "weakened_roll":{
        "type": "origins:attribute",
        "modifier": {
            "name": "Slower recharge",
            "attribute": "combatroll:distance",
            "value": -1,
            "operation": "multiply_base"
        }
    },
    "fog":{
        "type": "moborigins:fog",
        "red": 1,
        "green": 1,
        "blue": 0,
        "start": -1,
        "end": 8
    },
    "overlay":{
        "type": "origins:overlay",
        "texture": "minecraft:textures/block/ochre_froglight_side.png",
        "strength": 0.7,
        "red": 1.0,
        "green": 1.0,
        "blue": 0.0,
        "draw_mode": "texture",
        "draw_phase": "below_hud",
        "hide_with_hud": false,
        "visible_in_third_person": true
    },
    "hidden": true
}