{
    "name": "EMP",
    "type": "origins:multiple",
    "timer": {
        "type": "origins:resource",
        "min": 0,
        "max": 100,
        "start_value": 100,
        "min_action": {
            "type": "origins:execute_command",
            "command": "power remove @s hypno:playstyle/zeus/raiju/emp"
        },
        "hud_render": {
            "should_render": false
        }
    },
    "power": {
        "type": "origins:resource",
        "min": 0,
        "max": 7,
        "start_value": 0,
        "hud_render": {
            "should_render": false
        },
        "max_action": {
            "type": "origins:area_of_effect",
            "radius": 12,
            "bientity_action": {
                "type": "origins:and",
                "actions": [
                    {
                        "type": "origins:target_action",
                        "action": {
                            "type": "origins:and",
                            "actions": [
                                {
                                    "type": "origins:execute_command",
                                    "command": "power grant @s hypno:playstyle/zeus/raiju/dazed"
                                },
                                {
                                    "type": "origins:change_resource",
                                    "resource": "hypno:playstyle/zeus/raiju/dazed_timer",
                                    "change": 90
                                }
                            ]
                        }
                    },
                    {
                        "type": "origins:actor_action",
                        "action": {
                            "type": "origins:and",
                            "actions": [
                                {
                                    "type": "origins:execute_command",
                                    "command": "particle minecraft:end_rod ~ ~ ~ 0 0 0 0.45 100"
                                },
                                {
                                    "type": "origins:execute_command",
                                    "command": "playsound minecraft:entity.elder_guardian.curse player @a ~ ~ ~ 1 2"
                                },
                                {
                                    "type": "origins:execute_command",
                                    "command": "summon minecraft:lightning_bolt"
                                },
                                {
                                    "type": "origins:delay",
                                    "ticks": 1,
                                    "action": {
                                        "type": "origins:execute_command",
                                        "command": "power remove @s hypno:playstyle/zeus/raiju/emp"
                                    }
                                }
                            ]
                        }
                    }
                ]
            },
            "bientity_condition": {
                "type": "origins:can_see"
            }
        }
    },
    "resource_use": {
        "type": "origins:action_over_time",
        "entity_action": {
            "type": "origins:and",
            "actions": [
                {
                    "type": "origins:change_resource",
                    "resource": "hypno:playstyle/zeus/raiju/energetic_resource",
                    "change": -90
                },
                {
                    "type": "origins:change_resource",
                    "resource": "hypno:playstyle/zeus/raiju/emp_power",
                    "change": 1
                },
                {
                    "type": "origins:if_else_list",
                    "actions": [
                        {
                            "condition": {
                                "type": "origins:resource",
                                "resource": "hypno:playstyle/zeus/raiju/emp_power",
                                "comparison": "==",
                                "compare_to": 0
                            },
                            "action": {
                                "type": "origins:execute_command",
                                "command": "playsound simplyswords:elemental_bow_thunder_shoot_impact_02 player @a[distance=..16] ~ ~ ~ 2 1.0"
                            }
                        },
                        {
                            "condition": {
                                "type": "origins:resource",
                                "resource": "hypno:playstyle/zeus/raiju/emp_power",
                                "comparison": "==",
                                "compare_to": 1
                            },
                            "action": {
                                "type": "origins:execute_command",
                                "command": "playsound simplyswords:elemental_bow_thunder_shoot_impact_02 player @a[distance=..16] ~ ~ ~ 2 1.1"
                            }
                        },
                        {
                            "condition": {
                                "type": "origins:resource",
                                "resource": "hypno:playstyle/zeus/raiju/emp_power",
                                "comparison": "==",
                                "compare_to": 2
                            },
                            "action": {
                                "type": "origins:execute_command",
                                "command": "playsound simplyswords:elemental_bow_thunder_shoot_impact_02 player @a[distance=..16] ~ ~ ~ 2 1.2"
                            }
                        },
                        {
                            "condition": {
                                "type": "origins:resource",
                                "resource": "hypno:playstyle/zeus/raiju/emp_power",
                                "comparison": "==",
                                "compare_to": 3
                            },
                            "action": {
                                "type": "origins:execute_command",
                                "command": "playsound simplyswords:elemental_bow_thunder_shoot_impact_02 player @a[distance=..16] ~ ~ ~ 2 1.3"
                            }
                        },
                        {
                            "condition": {
                                "type": "origins:resource",
                                "resource": "hypno:playstyle/zeus/raiju/emp_power",
                                "comparison": "==",
                                "compare_to": 4
                            },
                            "action": {
                                "type": "origins:execute_command",
                                "command": "playsound simplyswords:elemental_bow_thunder_shoot_impact_02 player @a[distance=..16] ~ ~ ~ 2 1.4"
                            }
                        },
                        {
                            "condition": {
                                "type": "origins:resource",
                                "resource": "hypno:playstyle/zeus/raiju/emp_power",
                                "comparison": "==",
                                "compare_to": 5
                            },
                            "action": {
                                "type": "origins:execute_command",
                                "command": "playsound simplyswords:elemental_bow_thunder_shoot_impact_02 player @a[distance=..16] ~ ~ ~ 2 1.5"
                            }
                        },
                        {
                            "condition": {
                                "type": "origins:resource",
                                "resource": "hypno:playstyle/zeus/raiju/emp_power",
                                "comparison": "==",
                                "compare_to": 6
                            },
                            "action": {
                                "type": "origins:execute_command",
                                "command": "playsound simplyswords:elemental_bow_thunder_shoot_impact_02 player @a[distance=..16] ~ ~ ~ 2 1.7"
                            }
                        },
                        {
                            "condition": {
                                "type": "origins:resource",
                                "resource": "hypno:playstyle/zeus/raiju/emp_power",
                                "comparison": "==",
                                "compare_to": 7
                            },
                            "action": {
                                "type": "origins:execute_command",
                                "command": "playsound simplyswords:elemental_bow_thunder_shoot_impact_02 player @a[distance=..16] ~ ~ ~ 2 2.0"
                            }
                        }
                    ]
                }
            ]
        },
        "interval": 10,
        "condition": {
            "type": "origins:and",
            "conditions": [
                {
                    "type": "origins:resource",
                    "resource": "hypno:playstyle/zeus/raiju/energetic_resource",
                    "comparison": ">=",
                    "compare_to": 90
                }
            ]
        }
    },
    "timer_down": {
        "type": "origins:action_over_time",
        "entity_action": {
            "type": "origins:and",
            "actions": [
                {
                    "type": "origins:change_resource",
                    "resource": "hypno:playstyle/zeus/raiju/emp_timer",
                    "change": -10
                }
            ]
        },
        "interval": 10
    },
    "use": {
        "type": "origins:active_self",
        "entity_action": {
            "type": "origins:if_else_list",
            "actions": [
                {
                    "condition": {
                        "type": "origins:resource",
                        "resource": "hypno:playstyle/zeus/raiju/emp_power",
                        "comparison": "==",
                        "compare_to": 1
                    },
                    "action": {
                        "type": "origins:area_of_effect",
                        "radius": 2,
                        "bientity_action": {
                            "type": "origins:and",
                            "actions": [
                                {
                                    "type": "origins:target_action",
                                    "action": {
                                        "type": "origins:and",
                                        "actions": [
                                            {
                                                "type": "origins:execute_command",
                                                "command": "power grant @s hypno:playstyle/zeus/raiju/dazed"
                                            }
                                        ]
                                    }
                                },
                                {
                                    "type": "origins:actor_action",
                                    "action": {
                                        "type": "origins:and",
                                        "actions": [
                                            {
                                                "type": "origins:execute_command",
                                                "command": "particle minecraft:end_rod ~ ~ ~ 0 0 0 0.15 100"
                                            },
                                            {
                                                "type": "origins:execute_command",
                                                "command": "playsound minecraft:entity.elder_guardian.curse player @a ~ ~ ~ 1 2"
                                            },
                                            {
                                                "type": "origins:execute_command",
                                                "command": "summon minecraft:lightning_bolt"
                                            },
                                            {
                                                "type": "origins:delay",
                                                "ticks": 1,
                                                "action": {
                                                    "type": "origins:execute_command",
                                                    "command": "power remove @s hypno:playstyle/zeus/raiju/emp"
                                                }
                                            }
                                        ]
                                    }
                                }
                            ]
                        },
                        "bientity_condition": {
                            "type": "origins:can_see"
                        }
                    }
                },
                {
                    "condition": {
                        "type": "origins:resource",
                        "resource": "hypno:playstyle/zeus/raiju/emp_power",
                        "comparison": "==",
                        "compare_to": 2
                    },
                    "action": {
                        "type": "origins:area_of_effect",
                        "radius": 4,
                        "bientity_action": {
                            "type": "origins:and",
                            "actions": [
                                {
                                    "type": "origins:target_action",
                                    "action": {
                                        "type": "origins:and",
                                        "actions": [
                                            {
                                                "type": "origins:execute_command",
                                                "command": "power grant @s hypno:playstyle/zeus/raiju/dazed"
                                            },
                                            {
                                                "type": "origins:change_resource",
                                                "resource": "hypno:playstyle/zeus/raiju/dazed_timer",
                                                "change": 10
                                            }
                                        ]
                                    }
                                },
                                {
                                    "type": "origins:actor_action",
                                    "action": {
                                        "type": "origins:and",
                                        "actions": [
                                            {
                                                "type": "origins:execute_command",
                                                "command": "particle minecraft:end_rod ~ ~ ~ 0 0 0 0.2 100"
                                            },
                                            {
                                                "type": "origins:execute_command",
                                                "command": "playsound minecraft:entity.elder_guardian.curse player @a ~ ~ ~ 1 2"
                                            },
                                            {
                                                "type": "origins:execute_command",
                                                "command": "summon minecraft:lightning_bolt"
                                            },
                                            {
                                                "type": "origins:delay",
                                                "ticks": 1,
                                                "action": {
                                                    "type": "origins:execute_command",
                                                    "command": "power remove @s hypno:playstyle/zeus/raiju/emp"
                                                }
                                            }
                                        ]
                                    }
                                }
                            ]
                        },
                        "bientity_condition": {
                            "type": "origins:can_see"
                        }
                    }
                },
                {
                    "condition": {
                        "type": "origins:resource",
                        "resource": "hypno:playstyle/zeus/raiju/emp_power",
                        "comparison": "==",
                        "compare_to": 3
                    },
                    "action": {
                        "type": "origins:area_of_effect",
                        "radius": 6,
                        "bientity_action": {
                            "type": "origins:and",
                            "actions": [
                                {
                                    "type": "origins:target_action",
                                    "action": {
                                        "type": "origins:and",
                                        "actions": [
                                            {
                                                "type": "origins:execute_command",
                                                "command": "power grant @s hypno:playstyle/zeus/raiju/dazed"
                                            },
                                            {
                                                "type": "origins:change_resource",
                                                "resource": "hypno:playstyle/zeus/raiju/dazed_timer",
                                                "change": 20
                                            }
                                        ]
                                    }
                                },
                                {
                                    "type": "origins:actor_action",
                                    "action": {
                                        "type": "origins:and",
                                        "actions": [
                                            {
                                                "type": "origins:execute_command",
                                                "command": "particle minecraft:end_rod ~ ~ ~ 0 0 0 0.25 100"
                                            },
                                            {
                                                "type": "origins:execute_command",
                                                "command": "playsound minecraft:entity.elder_guardian.curse player @a ~ ~ ~ 1 2"
                                            },
                                            {
                                                "type": "origins:execute_command",
                                                "command": "summon minecraft:lightning_bolt"
                                            },
                                            {
                                                "type": "origins:delay",
                                                "ticks": 1,
                                                "action": {
                                                    "type": "origins:execute_command",
                                                    "command": "power remove @s hypno:playstyle/zeus/raiju/emp"
                                                }
                                            }
                                        ]
                                    }
                                }
                            ]
                        },
                        "bientity_condition": {
                            "type": "origins:can_see"
                        }
                    }
                },
                {
                    "condition": {
                        "type": "origins:resource",
                        "resource": "hypno:playstyle/zeus/raiju/emp_power",
                        "comparison": "==",
                        "compare_to": 4
                    },
                    "action": {
                        "type": "origins:area_of_effect",
                        "radius": 8,
                        "bientity_action": {
                            "type": "origins:and",
                            "actions": [
                                {
                                    "type": "origins:target_action",
                                    "action": {
                                        "type": "origins:and",
                                        "actions": [
                                            {
                                                "type": "origins:execute_command",
                                                "command": "power grant @s hypno:playstyle/zeus/raiju/dazed"
                                            },
                                            {
                                                "type": "origins:change_resource",
                                                "resource": "hypno:playstyle/zeus/raiju/dazed_timer",
                                                "change": 30
                                            }
                                        ]
                                    }
                                },
                                {
                                    "type": "origins:actor_action",
                                    "action": {
                                        "type": "origins:and",
                                        "actions": [
                                            {
                                                "type": "origins:execute_command",
                                                "command": "particle minecraft:end_rod ~ ~ ~ 0 0 0 0.3 100"
                                            },
                                            {
                                                "type": "origins:execute_command",
                                                "command": "playsound minecraft:entity.elder_guardian.curse player @a ~ ~ ~ 1 2"
                                            },
                                            {
                                                "type": "origins:execute_command",
                                                "command": "summon minecraft:lightning_bolt"
                                            },
                                            {
                                                "type": "origins:delay",
                                                "ticks": 1,
                                                "action": {
                                                    "type": "origins:execute_command",
                                                    "command": "power remove @s hypno:playstyle/zeus/raiju/emp"
                                                }
                                            }
                                        ]
                                    }
                                }
                            ]
                        },
                        "bientity_condition": {
                            "type": "origins:can_see"
                        }
                    }
                },
                {
                    "condition": {
                        "type": "origins:resource",
                        "resource": "hypno:playstyle/zeus/raiju/emp_power",
                        "comparison": "==",
                        "compare_to": 5
                    },
                    "action": {
                        "type": "origins:area_of_effect",
                        "radius": 10,
                        "bientity_action": {
                            "type": "origins:and",
                            "actions": [
                                {
                                    "type": "origins:target_action",
                                    "action": {
                                        "type": "origins:and",
                                        "actions": [
                                            {
                                                "type": "origins:execute_command",
                                                "command": "power grant @s hypno:playstyle/zeus/raiju/dazed"
                                            },
                                            {
                                                "type": "origins:change_resource",
                                                "resource": "hypno:playstyle/zeus/raiju/dazed_timer",
                                                "change": 50
                                            }
                                        ]
                                    }
                                },
                                {
                                    "type": "origins:actor_action",
                                    "action": {
                                        "type": "origins:and",
                                        "actions": [
                                            {
                                                "type": "origins:execute_command",
                                                "command": "particle minecraft:end_rod ~ ~ ~ 0 0 0 0.35 100"
                                            },
                                            {
                                                "type": "origins:execute_command",
                                                "command": "playsound minecraft:entity.elder_guardian.curse player @a ~ ~ ~ 1 2"
                                            },
                                            {
                                                "type": "origins:execute_command",
                                                "command": "summon minecraft:lightning_bolt"
                                            },
                                            {
                                                "type": "origins:delay",
                                                "ticks": 1,
                                                "action": {
                                                    "type": "origins:execute_command",
                                                    "command": "power remove @s hypno:playstyle/zeus/raiju/emp"
                                                }
                                            }
                                        ]
                                    }
                                }
                            ]
                        },
                        "bientity_condition": {
                            "type": "origins:can_see"
                        }
                    }
                },
                {
                    "condition": {
                        "type": "origins:resource",
                        "resource": "hypno:playstyle/zeus/raiju/emp_power",
                        "comparison": "==",
                        "compare_to": 6
                    },
                    "action": {
                        "type": "origins:area_of_effect",
                        "radius": 11,
                        "bientity_action": {
                            "type": "origins:and",
                            "actions": [
                                {
                                    "type": "origins:target_action",
                                    "action": {
                                        "type": "origins:and",
                                        "actions": [
                                            {
                                                "type": "origins:execute_command",
                                                "command": "power grant @s hypno:playstyle/zeus/raiju/dazed"
                                            },
                                            {
                                                "type": "origins:change_resource",
                                                "resource": "hypno:playstyle/zeus/raiju/dazed_timer",
                                                "change": 70
                                            }
                                        ]
                                    }
                                },
                                {
                                    "type": "origins:actor_action",
                                    "action": {
                                        "type": "origins:and",
                                        "actions": [
                                            {
                                                "type": "origins:execute_command",
                                                "command": "particle minecraft:end_rod ~ ~ ~ 0 0 0 0.4 100"
                                            },
                                            {
                                                "type": "origins:execute_command",
                                                "command": "playsound minecraft:entity.elder_guardian.curse player @a ~ ~ ~ 1 2"
                                            },
                                            {
                                                "type": "origins:execute_command",
                                                "command": "summon minecraft:lightning_bolt"
                                            },
                                            {
                                                "type": "origins:delay",
                                                "ticks": 1,
                                                "action": {
                                                    "type": "origins:execute_command",
                                                    "command": "power remove @s hypno:playstyle/zeus/raiju/emp"
                                                }
                                            }
                                        ]
                                    }
                                }
                            ]
                        },
                        "bientity_condition": {
                            "type": "origins:can_see"
                        }
                    }
                },
                {
                    "condition": {
                        "type": "origins:resource",
                        "resource": "hypno:playstyle/zeus/raiju/emp_power",
                        "comparison": "==",
                        "compare_to": 7
                    },
                    "action": {
                        "type": "origins:area_of_effect",
                        "radius": 12,
                        "bientity_action": {
                            "type": "origins:and",
                            "actions": [
                                {
                                    "type": "origins:target_action",
                                    "action": {
                                        "type": "origins:and",
                                        "actions": [
                                            {
                                                "type": "origins:execute_command",
                                                "command": "power grant @s hypno:playstyle/zeus/raiju/dazed"
                                            },
                                            {
                                                "type": "origins:change_resource",
                                                "resource": "hypno:playstyle/zeus/raiju/dazed_timer",
                                                "change": 90
                                            }
                                        ]
                                    }
                                },
                                {
                                    "type": "origins:actor_action",
                                    "action": {
                                        "type": "origins:and",
                                        "actions": [
                                            {
                                                "type": "origins:execute_command",
                                                "command": "particle minecraft:end_rod ~ ~ ~ 0 0 0 0.45 100"
                                            },
                                            {
                                                "type": "origins:execute_command",
                                                "command": "playsound minecraft:entity.elder_guardian.curse player @a ~ ~ ~ 1 2"
                                            },
                                            {
                                                "type": "origins:execute_command",
                                                "command": "summon minecraft:lightning_bolt"
                                            },
                                            {
                                                "type": "origins:delay",
                                                "ticks": 1,
                                                "action": {
                                                    "type": "origins:execute_command",
                                                    "command": "power remove @s hypno:playstyle/zeus/raiju/emp"
                                                }
                                            }
                                        ]
                                    }
                                }
                            ]
                        },
                        "bientity_condition": {
                            "type": "origins:can_see"
                        }
                    }
                }
            ]
        },
        "cooldown": 100,
        "hud_render": {
            "should_render": false
        },
        "key": {
            "key": "key.origins.primary_active",
            "continuous": false
        }
    },
    "particles": {
        "type": "origins:action_over_time",
        "entity_action": {
            "type": "origins:and",
            "actions": [
                {
                    "type": "origins:execute_command",
                    "command": "execute at @s run particle dust_color_transition 0.54 0.99 1 1 1 0.95 0.24 ~ ~1 ~ 0.1 0.1 0.1 0.1 5"
                }
            ]
        },
        "interval": 1
    },
    "invisibility": {
        "type": "origins:invisibility",
        "render_armor": false
    },
    "no_move": {
        "type": "origins:modify_velocity",
        "modifier": {
            "value": -1,
            "operation": "multiply_total"
        },
        "axes": [
            "x",
            "y",
            "z"
        ]
    },
    "no_damage": {
        "type": "origins:modify_damage_dealt",
        "modifier": {
            "name": "No damage",
            "operation": "multiply_total",
            "value": -1
        }
    },
    "no_block_interaction": {
        "type": "origins:prevent_block_selection"
    },
    "no_jump": {
        "type": "origins:modify_jump",
        "modifier": {
            "operation": "multiply_total",
            "value": -1
        }
    },
    "prevent_item_use": {
        "type": "origins:prevent_item_use"
    },
    "hidden": false
}