{
    "name": "Energetic",
    "description": "You have an electro-bar. If your bar is at 1 bar or lower, you suffer from weakned attributes. The bar recharges passively and when you get hit by lightning and during thunderstorms. Additionally, being hit by an arrow with piercing will create an energy leak.",
    "badges": [
        {
            "type": "origins:tooltip",
            "sprite": "origins:textures/gui/badge/info.png",
            "text": "Weakened attributes are the following : -40% movement speed, -50% healing received, -4 armor points, -25% melee damage and -30% attack speed."
        }
    ],
    "type": "origins:multiple",
    "bar_up": {
        "type": "origins:action_over_time",
        "entity_action": {
            "type": "origins:change_resource",
            "resource": "hypno:playstyle/zeus/raiju/energetic_resource",
            "change": 10
        },
        "interval": 100
    },
    "bar_up_rain": {
        "type": "origins:action_over_time",
        "entity_action": {
            "type": "origins:change_resource",
            "resource": "hypno:playstyle/zeus/raiju/energetic_resource",
            "change": 10
        },
        "interval": 100,
        "condition": {
            "type": "origins:in_rain"
        }
    },
    "leak": {
        "type": "origins:self_action_when_hit",
        "entity_action": {
            "type": "origins:change_resource",
            "resource": "hypno:playstyle/zeus/raiju/energetic_resource",
            "change": -200
        },
        "damage_condition": {
            "type": "origins:or",
            "conditions": [
                {
                    "type": "eggolib:projectile",
                    "nbt": "{PierceLevel:1b}"
                },
                {
                    "type": "eggolib:projectile",
                    "nbt": "{PierceLevel:2b}"
                },
                {
                    "type": "eggolib:projectile",
                    "nbt": "{PierceLevel:3b}"
                },
                {
                    "type": "eggolib:projectile",
                    "nbt": "{PierceLevel:4b}"
                }
            ]
        },
        "cooldown": 20,
        "hud_render": {
            "should_render": false
        }
    },
    "resource": {
        "type": "origins:resource",
        "min": 0,
        "max": 700,
        "start_value": 700,
        "hud_render": {
            "sprite_location": "horigins:textures/resource_bar01.png",
            "bar_index": 5
        }
    },
    "refill": {
        "type": "origins:action_on_callback",
        "entity_action_respawned": {
            "type": "origins:change_resource",
            "resource": "hypno:playstyle/zeus/raiju/energetic_resource",
            "change": 700
        },
        "execute_chosen_when_orb": true
    },
    "movement_reduction": {
        "type": "origins:conditioned_attribute",
        "modifier": {
            "name": "Speed decrease",
            "attribute": "minecraft:generic.movement_speed",
            "value": -0.4,
            "operation": "multiply_base"
        },
        "condition": {
            "type": "origins:and",
            "conditions": [
                {
                    "type": "origins:resource",
                    "resource": "hypno:playstyle/zeus/raiju/energetic_resource",
                    "comparison": "<",
                    "compare_to": 100
                },
                {
                    "type": "origins:power",
                    "power": "hypno:playstyle/zeus/raiju/infused",
                    "inverted": true
                }
            ]
        }
    },
    "healing_reduction": {
        "type": "origins:modify_healing",
        "modifier": {
            "operation": "multiply_total",
            "value": -0.5
        },
        "condition": {
            "type": "origins:and",
            "conditions": [
                {
                    "type": "origins:power",
                    "power": "hypno:playstyle/zeus/raiju/infused",
                    "inverted": true
                }
            ]
        }
    },
    "armor_reduction": {
        "type": "origins:conditioned_attribute",
        "modifier": {
            "name": "Speed decrease",
            "attribute": "minecraft:generic.armor",
            "value": -0.5,
            "operation": "multiply_total"
        },
        "condition": {
            "type": "origins:and",
            "conditions": [
                {
                    "type": "origins:resource",
                    "resource": "hypno:playstyle/zeus/raiju/energetic_resource",
                    "comparison": "<",
                    "compare_to": 100
                },
                {
                    "type": "origins:power",
                    "power": "hypno:playstyle/zeus/raiju/infused",
                    "inverted": true
                }
            ]
        }
    },
    "attackspeed_reduction": {
        "type": "origins:conditioned_attribute",
        "modifier": {
            "name": "Attack speed decrease",
            "attribute": "minecraft:generic.attack_speed",
            "value": -0.3,
            "operation": "multiply_base"
        },
        "condition": {
            "type": "origins:and",
            "conditions": [
                {
                    "type": "origins:resource",
                    "resource": "hypno:playstyle/zeus/raiju/energetic_resource",
                    "comparison": "<",
                    "compare_to": 100
                },
                {
                    "type": "origins:power",
                    "power": "hypno:playstyle/zeus/raiju/infused",
                    "inverted": true
                }
            ]
        }
    },
    "attackdmg_reduction": {
        "type": "origins:conditioned_attribute",
        "modifier": {
            "name": "Attack damage decrease",
            "attribute": "minecraft:generic.attack_damage",
            "value": -0.25,
            "operation": "multiply_total"
        },
        "condition": {
            "type": "origins:and",
            "conditions": [
                {
                    "type": "origins:resource",
                    "resource": "hypno:playstyle/zeus/raiju/energetic_resource",
                    "comparison": "<",
                    "compare_to": 100
                },
                {
                    "type": "origins:power",
                    "power": "hypno:playstyle/zeus/raiju/infused",
                    "inverted": true
                }
            ]
        }
    },
    "air_speed": {
        "type": "origins:modify_air_speed",
        "modifier": {
            "operation": "multiply_total",
            "value": -0.4
        },
        "condition": {
            "type": "origins:and",
            "conditions": [
                {
                    "type": "origins:resource",
                    "resource": "hypno:playstyle/zeus/raiju/energetic_resource",
                    "comparison": "<",
                    "compare_to": 100
                },
                {
                    "type": "origins:power",
                    "power": "hypno:playstyle/zeus/raiju/infused",
                    "inverted": true
                }
            ]
        }
    },
    "roll_reduction": {
        "type": "origins:conditioned_attribute",
        "modifier": {
            "name": "Faster roll recharge",
            "attribute": "combatroll:recharge",
            "value": -0.2,
            "operation": "multiply_base"
        },
        "condition": {
            "type": "origins:and",
            "conditions": [
                {
                    "type": "origins:resource",
                    "resource": "hypno:playstyle/zeus/raiju/energetic_resource",
                    "comparison": "<",
                    "compare_to": 100
                },
                {
                    "type": "origins:power",
                    "power": "hypno:playstyle/zeus/raiju/infused",
                    "inverted": true
                }
            ]
        }
    },
    "swim_speed":{
        "type": "origins:modify_swim_speed",
        "modifier": {
            "operation": "multiply_total",
            "value": -0.5
        },
        "condition": {
            "type": "origins:and",
            "conditions": [
                {
                    "type": "origins:resource",
                    "resource": "hypno:playstyle/zeus/raiju/energetic_resource",
                    "comparison": "<",
                    "compare_to": 100
                },
                {
                    "type": "origins:power",
                    "power": "hypno:playstyle/zeus/raiju/infused",
                    "inverted": true
                }
            ]
        }
    },
    "prevent_sprint":{
        "type": "origins:prevent_sprinting",
        "condition": {
            "type": "origins:and",
            "conditions": [
                {
                    "type": "origins:resource",
                    "resource": "hypno:playstyle/zeus/raiju/energetic_resource",
                    "comparison": "<",
                    "compare_to": 100
                },
                {
                    "type": "origins:power",
                    "power": "hypno:playstyle/zeus/raiju/infused",
                    "inverted": true
                }
            ]
        }
    },
    "sneaking_dmg": {
        "type": "origins:action_over_time",
        "entity_action": {
            "type": "origins:and",
            "actions": [
                {
                    "type": "origins:damage",
                    "amount": 1,
                    "source": {
                        "name": "generic",
                        "bypasses_armor": true,
                        "unblockable": true
                    }
                },
                {
                    "type": "origins:change_resource",
                    "resource": "hypno:playstyle/zeus/raiju/energetic_resource",
                    "change": -50
                }
            ]
        },
        "interval": 60,
        "condition": {
            "type": "origins:sneaking"
        }
    },
    "sneaking_speed": {
        "type": "origins:conditioned_attribute",
        "modifier": {
            "name": "Sneak speed decrease",
            "attribute": "minecraft:generic.movement_speed",
            "value": -0.4,
            "operation": "multiply_total"
        },
        "tick_rate": 5,
        "condition": {
            "type": "origins:sneaking"
        }
    },
    "sneaking_particles": {
        "type": "origins:action_over_time",
        "entity_action": {
            "type": "origins:and",
            "actions": [
                {
                    "type": "origins:execute_command",
                    "command": "particle minecraft:electric_spark ~ ~ ~ 0.3 0 0.3 0.1 5"
                }
            ]
        },
        "interval": 2,
        "condition": {
            "type": "origins:sneaking"
        }
    },
    "particle": {
        "type": "origins:particle",
        "particle": "supplementaries:stasis",
        "frequency": 4,
        "condition": {
            "type": "origins:resource",
            "resource": "hypno:playstyle/zeus/raiju/energetic_resource",
            "comparison": ">=",
            "compare_to": 100
        }
    },
    "water_leak": {
        "type": "origins:action_over_time",
        "entity_action": {
            "type": "origins:and",
            "actions": [
                {
                    "type": "origins:change_resource",
                    "resource": "hypno:playstyle/zeus/raiju/energetic_resource",
                    "change": -50
                },
                {
                    "type": "origins:area_of_effect",
                    "radius": 8,
                    "bientity_action": {
                        "type": "origins:target_action",
                        "action": {
                            "type": "origins:and",
                            "actions": [
                                {
                                    "type": "origins:damage",
                                    "amount": 3,
                                    "source": {
                                        "name": "lightningBolt",
                                        "unblockable": true,
                                        "bypasses_armor": true
                                    }
                                },
                                {
                                    "type": "origins:execute_command",
                                    "command": "execute at @s run particle supplementaries:stasis ~ ~ ~ 0.3 0 0.3 0.01 10"
                                }
                            ]
                        }
                    },
                    "bientity_condition": {
                        "type": "origins:and",
                        "conditions": [
                            {
                                "type": "origins:target_condition",
                                "condition": {
                                    "type": "origins:and",
                                    "conditions": [
                                        {
                                            "type": "origins:living"
                                        },
                                        {
                                            "type": "origins:fluid_height",
                                            "fluid": "minecraft:water",
                                            "comparison": ">",
                                            "compare_to": 0
                                        }
                                    ]
                                }
                            }
                        ]
                    }
                }
            ]
        },
        "interval": 5,
        "condition": {
            "type": "origins:and",
            "conditions": [
                {
                    "type": "origins:fluid_height",
                    "fluid": "minecraft:water",
                    "comparison": ">",
                    "compare_to": 0
                },
                {
                    "type": "origins:resource",
                    "resource": "hypno:playstyle/zeus/raiju/energetic_resource",
                    "comparison": ">",
                    "compare_to": 0
                }
            ]
        }
    },
    "hidden": false
}