{
    "name":"Infused",
    "description":"You are infused. You are fire resistant and able to use new abilities.",
    "type": "origins:multiple",
    "fire_immune":{
    "type": "origins:fire_immunity",
    "condition": {
        "type": "origins:fluid_height",
        "fluid": "minecraft:lava",
        "comparison": "==",
        "compare_to": 0
    }
    },
    "thunderstruck":{
        "type": "origins:target_action_on_hit",
        "entity_action": {
            "type":"origins:and",
            "actions":[{
            "type": "origins:execute_command",
            "command": "power grant @s hypno:playstyle/zeus/raiju/shocked"
        },
        {
            "type": "origins:change_resource",
            "resource": "hypno:playstyle/zeus/raiju/shocked_stacks",
            "change": 1
        }
    ]
    },
        "cooldown": 1,
        "hud_render": {
            "should_render": false
        }
    },
    "timer":
    {
        "type": "origins:resource",
        "min": 0,
        "max": 100,
        "start_value": 100,
        "hud_render": {
            "should_render": false
        },
        "min_action": {
            "type": "origins:execute_command",
            "command": "power remove @s hypno:playstyle/zeus/raiju/infused"
        }
    },
    "timer_down":{
        "type": "origins:action_over_time",
        "entity_action": {
            "type": "origins:change_resource",
            "resource": "hypno:playstyle/zeus/raiju/infused_timer",
            "change": -10
        },
        "interval": 10
    },
    "bar_up":{
        "type": "origins:action_over_time",
        "entity_action": {
            "type": "origins:change_resource",
            "resource": "hypno:playstyle/zeus/raiju/energetic_resource",
            "change": 30
        },
        "interval": 20
    },
    "status_bar":{
        "type": "origins:status_bar_texture",
        "texture": "horigins:textures/gui/infused_icons.png"
    },
    "movement_buff":{
        "type": "origins:attribute",
        "modifier": {
            "name": "Speed increase",
            "attribute": "minecraft:generic.movement_speed",
            "value": 0.20,
            "operation": "multiply_base"
        }
    },
    "attackspeed_buff":{
        "type": "origins:attribute",
        "modifier": {
            "name": "Attack speed increase",
            "attribute": "minecraft:generic.attack_speed",
            "value": 0.20,
            "operation": "multiply_base"
        }
    },
    "roll_buff":{
        "type": "origins:attribute",
        "modifier": {
            "name": "Faster roll recharge",
            "attribute": "combatroll:recharge",
            "value": 0.5,
            "operation": "multiply_base"
        }
    },
    "energy_swirl":
    {
        "type": "apugli:energy_swirl",
        "texture_location": "minecraft:textures/entity/trident_riptide.png",
        "speed": 0.01
    },
    "healing_boost":
    {
        "type": "origins:modify_healing",
        "modifier": {
            "operation": "multiply_total",
            "value": 0.25
        }
    },
    "hidden": true
}