{
    "name": "Storm's Eye",
    "description": "Holding [USE] whilst in Stormfield will start charging Storm's eye. After 2.5 seconds, pressing [SECONDARY ABILITY KEY] will shoot forward a ball of electricity, inflicting further static buildup and teleporting the caster after 5 seconds.",
    "type": "origins:multiple",
    "hold":{
        "type": "origins:active_self",
        "entity_action": {
            "type": "origins:and",
            "actions": [
                {
                    "type": "origins:change_resource",
                    "resource": "hypno:playstyle/zeus/raiju/lightning_orb_resource",
                    "change": 2
                },
                {
                    "type": "origins:execute_command",
                    "command": "particle minecraft:dust_color_transition 0.1 0.4 0.7 1 1 1 0.3 ~ ~1 ~ 0.2 0.1 0.2 1 100"
                },
                {
                    "type": "origins:execute_command",
                    "command": "particle minecraft:instant_effect ~ ~1 ~ 0.1 0 0.1 1 10"
                }
            ]
        },
        "cooldown": 2,
        "key": {
            "key": "key.origins.secondary_active",
            "continuous": true
        },
        "hud_render": {
            "should_render": false
        },
        "condition": {
            "type": "origins:and",
            "conditions": [
                {
                    "type": "origins:power",
                    "power": "hypno:playstyle/zeus/raiju/discharged",
                    "inverted": true
                },
                {
                    "type": "origins:power_active",
                    "power": "hypno:playstyle/zeus/raiju/stormfield_toggle"
                },
                {
                    "type": "origins:power_active",
                    "power": "hypno:playstyle/zeus/raiju/lightning_fast_toggle",
                    "inverted": true
                },
                {
                    "type": "origins:resource",
                    "resource": "hypno:playstyle/zeus/raiju/energetic_resource",
                    "comparison": ">=",
                    "compare_to": 150
                }
            ]
        }
    },
    "resource": {
        "type": "origins:resource",
        "min": 0,
        "max": 50,
        "start_value": 0,
        "hud_render": {
            "should_render": false
        },
        "max_action":{
            "type": "origins:and",
            "actions": [
            {
                "type": "origins:execute_command",
                "command": "summon armor_stand ~ ~ ~ {NoGravity:1b,Invulnerable:1b,Invisible:1b,Tags:[\"electric_orb\"],DisabledSlots:4144959}"
            },
            {
                "type": "origins:execute_command",
                "command": "execute store result score @e[limit=1,sort=nearest,tag=electric_orb] electric_orb run data get entity @e[limit=1,sort=nearest,tag=electric_orb] UUID[0] 1"
            },
            {
                "type": "origins:execute_command",
                "command": "execute as @e[tag=electric_orb,limit=1,sort=nearest] store result entity @s Rotation[0] float 1 run data get entity @p Rotation[0] 1"
            },
            {
                "type": "origins:execute_command",
                "command": "power grant @e[limit=1,sort=nearest,tag=electric_orb] hypno:playstyle/zeus/raiju/orb"
            },
            {
                "type": "origins:execute_command",
                "command": "execute store result score @s electric_orb run data get entity @e[limit=1,sort=nearest,tag=electric_orb] UUID[0] 1"
            },
            {
                "type": "origins:execute_command",
                "command": "particle minecraft:dust_color_transition 0.1 0.4 0.7 1 1 1 0.3 ~ ~1 ~ 0.2 0.1 0.2 1 100"
            },
            {
                "type": "origins:execute_command",
                "command": "particle minecraft:instant_effect ~ ~1 ~ 0.1 0 0.1 1 10"
            },
            {
                "type": "origins:swing_hand",
                "hand": "MAIN_HAND"
            },
            {
                "type": "origins:execute_command",
                "command": "playsound simplyswords:elemental_bow_thunder_shoot_impact_02 player @a[distance=..16] ~ ~ ~ 1 0.7"
            },
            {
                "type": "origins:change_resource",
                "resource": "hypno:playstyle/zeus/raiju/lightning_orb_resource",
                "change": -50
            },
            {
                "type": "origins:change_resource",
                "resource": "hypno:playstyle/zeus/raiju/energetic_resource",
                "change": -150
            }
            ]
        }
    },
    "reset": {
        "type": "origins:action_over_time",
        "entity_action": {
            "type": "origins:change_resource",
            "resource": "hypno:playstyle/zeus/raiju/lightning_orb_resource",
            "change": -50
        },
        "interval": 1,
        "condition":{
            "type": "apugli:key_pressed",
            "key": {
                "key": "key.origins.secondary_active",
                "continuous": true
            },
            "inverted": true
        }
    },
    "sounds":{
        "type": "origins:action_over_time",
        "entity_action": {
            "type": "origins:execute_command",
            "command": "playsound simplyswords:elemental_bow_thunder_shoot_flyby_02 player @a[distance=..16] ~ ~ ~ 1 1"
        },
        "interval": 10,
        "condition":{
            "type": "origins:and",
            "conditions": [
                {
                    "type": "origins:power",
                    "power": "hypno:playstyle/zeus/raiju/discharged",
                    "inverted": true
                },
                {
                    "type": "origins:power_active",
                    "power": "hypno:playstyle/zeus/raiju/stormfield_toggle"
                },
                {
                    "type": "apugli:key_pressed",
                    "key": {
                        "key": "key.origins.secondary_active",
                        "continuous": true
                    }
                },
                {
                    "type": "origins:resource",
                    "resource": "hypno:playstyle/zeus/raiju/energetic_resource",
                    "comparison": ">",
                    "compare_to": 150
                },
                {
                    "type": "origins:power_active",
                    "power": "hypno:playstyle/zeus/raiju/lightning_fast_toggle",
                    "inverted": true
                }
            ]
        }
    },
    "hidden": false
}