{
    "name": "Shocked",
    "description": "You take more damage and can't move as well.",
    "type": "origins:multiple",
    "timer": {
        "type": "origins:resource",
        "min": 0,
        "max": 60,
        "start_value": 60,
        "hud_render": {
            "should_render": false
        },
        "min_action": {
            "type": "origins:execute_command",
            "command": "power remove @s hypno:playstyle/zeus/raiju/shocked"
        }
    },
    "timer_down": {
        "type": "origins:action_over_time",
        "entity_action": {
            "type": "origins:change_resource",
            "resource": "hypno:playstyle/zeus/raiju/shocked_timer",
            "change": -10
        },
        "interval": 10
    },
    "tag": {
        "type": "origins:action_on_callback",
        "entity_action_gained": {
            "type": "origins:execute_command",
            "command": "tag @s add shocked"
        },
        "entity_action_lost": {
            "type": "origins:execute_command",
            "command": "tag @s remove shocked"
        }
    },
    "stacks": {
        "type": "origins:resource",
        "min": 0,
        "max": 3,
        "start_value": 0,
        "hud_render": {
            "should_render": false
        },
        "max_action": {
            "type": "origins:and",
            "actions": [
                {
                    "type": "origins:damage",
                    "amount": 2,
                    "source": {
                        "name": "lightningBolt",
                        "bypasses_armor": true,
                        "unblockable": true
                    }
                },
                {
                    "type": "origins:area_of_effect",
                    "radius": 5,
                    "bientity_action": {
                        "type": "origins:target_action",
                        "action": {
                            "type": "origins:and",
                            "actions": [
                                {
                                    "type": "origins:damage",
                                    "amount": 3,
                                    "source": {
                                        "name": "lightningBolt",
                                        "bypasses_armor": true
                                    }
                                },
                                {
                                    "type": "origins:execute_command",
                                    "command": "particle minecraft:dust_color_transition 1 1 0 1 1 1 1 ~ ~ ~ 0.7 0.7 0.7 0.1 50 normal"
                                },
                                {
                                    "type": "origins:execute_command",
                                    "command": "summon lightning_bolt"
                                }
                            ]
                        }
                    },
                    "bientity_condition": {
                        "type": "origins:and",
                        "conditions": [
                            {
                                "type": "origins:can_see"
                            },
                            {
                                "type": "origins:target_condition",
                                "condition": {
                                    "type": "origins:living"
                                }
                            },
                            {
                                "type": "origins:target_condition",
                                "condition": {
                                    "type": "origins:in_tag",
                                    "tag": "hypno:living"
                                }
                            },
                            {
                                "type": "origins:target_condition",
                                "condition": {
                                    "type": "origins:power",
                                    "power": "hypno:playstyle/zeus/raiju/absorb",
                                    "inverted": true
                                }
                            }
                        ]
                    }
                },
                {
                    "type": "origins:change_resource",
                    "resource": "hypno:playstyle/zeus/raiju/shocked_stacks",
                    "change": -3
                }
            ]
        }
    },
    "weakened_damage": {
        "type": "origins:modify_damage_dealt",
        "modifier": {
            "name": "Weakened damage",
            "operation": "multiply_total",
            "value": -0.20
        }
    },
    "energy_swirl": {
        "type": "apugli:energy_swirl",
        "texture_location": "minecraft:textures/entity/trident_riptide.png",
        "speed": 0.3
    },
    "hidden": true
}