{
    "name": "Land of the Storms ϟ☁",
    "description": "Using your [PRIMARY ABILITY KEY], you create a storm field around you. In this 16 block radius area, lightning randomly hits the ground. Additionally, entities that stay in the field slowly lose speed up to 25% and take damage over a duration. Finally, holding [SECONDARY ABILITY KEY] with Stormfield toggled on will cast lighting to recharge your bar.",
    "badges": [
        {
            "type": "origins:tooltip",
            "sprite": "origins:textures/gui/badge/info.png",
            "text": "Upon staying too long in the stormfield, entities will glow yellow, allowing you to teleport to them upon attacking whilst in mid-air."
        }
    ],
    "type": "origins:multiple",
    "toggle": {
        "type": "origins:toggle",
        "active_by_default": false,
        "retain_state": false,
        "key": {
            "key": "key.origins.primary_active"
        },
        "condition": {
            "type": "origins:and",
            "conditions": [
                {
                    "type": "origins:resource",
                    "resource": "hypno:playstyle/zeus/raiju/energetic_resource",
                    "comparison": ">=",
                    "compare_to": 100
                },
                {
                    "type": "origins:power",
                    "power": "hypno:playstyle/zeus/raiju/discharged",
                    "inverted": true
                },
                {
                    "type": "origins:power",
                    "power": "hypno:playstyle/zeus/raiju/emp",
                    "inverted": true
                }
            ]
        }
    },
    "strike": {
        "type": "origins:action_over_time",
        "entity_action": {
            "type": "origins:and",
            "actions": [
                {
                    "type": "origins:area_of_effect",
                    "radius": 16,
                    "bientity_action": {
                        "type": "origins:target_action",
                        "action": {
                            "type": "origins:and",
                            "actions": [
                                {
                                    "type": "origins:execute_command",
                                    "command": "power grant @s hypno:playstyle/zeus/raiju/storm"
                                },
                                {
                                    "type": "origins:execute_command",
                                    "command": "resource change @s hypno:playstyle/zeus/raiju/storm_stacks 1"
                                },
                                {
                                    "type": "origins:execute_command",
                                    "command": "playsound simplyswords:elemental_bow_thunder_shoot_flyby_01 player @a[distance=..16] ~ ~ ~ 0.1 1.5"
                                }
                            ]
                        }
                    },
                    "bientity_condition": {
                        "type": "origins:target_condition",
                        "condition": {
                            "type": "origins:and",
                            "conditions": [
                                {
                                    "type": "origins:in_tag",
                                    "tag": "hypno:living"
                                },
                                {
                                    "type": "origins:living"
                                }
                            ]
                        }
                    }
                },
                {
                    "type": "origins:execute_command",
                    "command": "function hypno:stormfield"
                },
                {
                    "type": "origins:change_resource",
                    "resource": "hypno:playstyle/zeus/raiju/energetic_resource",
                    "change": -20
                },
                {
                    "type": "origins:execute_command",
                    "command": "playsound simplyswords:elemental_sword_thunder_attack_03 player @a[distance=..16] ~ ~ ~ 0.5 2"
                }
            ]
        },
        "interval": 15,
        "condition": {
            "type": "origins:and",
            "conditions": [
                {
                    "type": "origins:power_active",
                    "power": "hypno:playstyle/zeus/raiju/stormfield_toggle"
                },
                {
                    "type": "origins:resource",
                    "resource": "hypno:playstyle/zeus/raiju/energetic_resource",
                    "comparison": ">",
                    "compare_to": 0
                },
                {
                    "type": "apugli:key_pressed",
                    "key": {
                        "key": "key.origins.secondary_active",
                        "continuous": true
                    },
                    "inverted": true
                }
            ]
        }
    },
    "particles": {
        "type": "origins:action_over_time",
        "entity_action": {
            "type": "origins:and",
            "actions": [
                {
                    "type": "origins:execute_command",
                    "command": "execute at @e[type=minecraft:armor_stand,tag=lightningbolt] run particle minecraft:cloud ~ ~ ~ 0.3 0 0.3 0.01 10"
                }
            ]
        },
        "interval": 2,
        "condition": {
            "type": "origins:and",
            "conditions": [
                {
                    "type": "origins:power_active",
                    "power": "hypno:playstyle/zeus/raiju/stormfield_toggle"
                },
                {
                    "type": "origins:resource",
                    "resource": "hypno:playstyle/zeus/raiju/energetic_resource",
                    "comparison": ">",
                    "compare_to": 0
                },
                {
                    "type": "apugli:key_pressed",
                    "key": {
                        "key": "key.origins.secondary_active",
                        "continuous": true
                    },
                    "inverted": true
                }
            ]
        }
    },
    "supraconductor": {
        "type": "origins:active_self",
        "entity_action": {
            "type": "origins:and",
            "actions": [
                {
                    "type": "origins:raycast",
                    "distance": 12,
                    "block": false,
                    "entity": true,
                    "shape_type": "visual",
                    "fluid_handling": "none",
                    "hit_action": {
                        "type": "origins:and",
                        "actions": [
                            {
                                "type": "origins:execute_command",
                                "command": "playsound simplyswords:magic_sword_breaks player @a[distance=..16] ~ ~ ~ 1 0.5"
                            }
                        ]
                    },
                    "command_along_ray": "function hypno:lightningtp",
                    "command_step": 0.5,
                    "command_along_ray_only_on_hit": true,
                    "bientity_condition": {
                        "type": "origins:and",
                        "conditions": [
                            {
                                "type": "origins:target_condition",
                                "condition": {
                                    "type": "origins:and",
                                    "conditions": [
                                        {
                                            "type": "origins:living"
                                        },
                                        {
                                            "type": "origins:in_tag",
                                            "tag": "hypno:living"
                                        },
                                        {
                                            "type": "origins:resource",
                                            "resource": "hypno:playstyle/zeus/raiju/storm_stacks",
                                            "comparison": "==",
                                            "compare_to": 3
                                        },
                                        {
                                            "type": "origins:entity_type",
                                            "entity_type": "minecraft:lightning_bolt",
                                            "inverted": true
                                        }
                                    ]
                                }
                            }
                        ]
                    }
                }
            ]
        },
        "cooldown": 3,
        "key": {
            "key": "key.attack",
            "continuous": false
        },
        "condition": {
            "type": "origins:and",
            "conditions": [
                {
                    "type": "origins:on_block",
                    "inverted": true
                },
                {
                    "type": "origins:resource",
                    "resource": "hypno:playstyle/zeus/raiju/energetic_resource",
                    "comparison": ">=",
                    "compare_to": 100
                }
            ]
        },
        "hud_render": {
            "should_render": false
        }
    },
    "hidden": false
}