{
    "name": "Stormed",
    "description": "Electricity is building up...",
    "type": "origins:multiple",
    "stacks": {
        "type": "origins:resource",
        "min": 0,
        "max": 4,
        "start_value": 0,
        "hud_render": {
            "should_render": false
        },
        "max_action": {
            "type": "origins:and",
            "actions": [
                {
                    "type": "origins:change_resource",
                    "resource": "hypno:playstyle/zeus/raiju/storm_stacks",
                    "change": -4
                },
                {
                    "type": "origins:spawn_entity",
                    "entity_type": "minecraft:armor_stand",
                    "tag": "{NoGravity:1b,Silent:1b,Invulnerable:1b,Marker:1b,Invisible:1b,Tags:[\"thunderstrike\"]}",
                    "entity_action": {
                        "type": "origins:execute_command",
                        "command": "power grant @s hypno:playstyle/zeus/raiju/thunderstrike"
                    }
                }
            ]
        },
        "min_action": {
            "type": "origins:and",
            "actions": [
                {
                    "type": "origins:execute_command",
                    "command": "power remove @s hypno:playstyle/zeus/raiju/storm"
                }
            ]
        }
    },
    "stacks_down": {
        "type": "origins:action_over_time",
        "entity_action": {
            "type": "origins:change_resource",
            "resource": "hypno:playstyle/zeus/raiju/storm_stacks",
            "change": -1
        },
        "interval": 15,
        "condition": {
            "type": "apugli:entity_in_radius",
            "condition": {
                "type": "origins:and",
                "conditions": [
                    {
                        "type": "origins:in_tag",
                        "tag": "hypno:living"
                    },
                    {
                        "type": "origins:power_active",
                        "power": "hypno:playstyle/zeus/raiju/stormfield_toggle"
                    }
                ]
            },
            "radius": 16.0,
            "comparison": "==",
            "compare_to": 0
        }
    },
    "slow1": {
        "type": "origins:conditioned_attribute",
        "modifier": {
            "name": "Slower recharge",
            "attribute": "minecraft:generic.movement_speed",
            "value": -0.15,
            "operation": "multiply_base"
        },
        "condition": {
            "type": "origins:resource",
            "resource": "hypno:playstyle/zeus/raiju/storm_stacks",
            "comparison": "==",
            "compare_to": 1
        }
    },
    "overlay1": {
        "type": "origins:overlay",
        "texture": "horigins:thundered1.png",
        "strength": 0.7,
        "red": 1.0,
        "green": 1.0,
        "blue": 1.0,
        "draw_mode": "texture",
        "draw_phase": "below_hud",
        "hide_with_hud": false,
        "visible_in_third_person": false,
        "condition": {
            "type": "origins:resource",
            "resource": "hypno:playstyle/zeus/raiju/storm_stacks",
            "comparison": "==",
            "compare_to": 1
        }
    },
    "slow2": {
        "type": "origins:conditioned_attribute",
        "modifier": {
            "name": "Slower recharge",
            "attribute": "minecraft:generic.movement_speed",
            "value": -0.3,
            "operation": "multiply_base"
        },
        "condition": {
            "type": "origins:resource",
            "resource": "hypno:playstyle/zeus/raiju/storm_stacks",
            "comparison": "==",
            "compare_to": 2
        }
    },
    "overlay2": {
        "type": "origins:overlay",
        "texture": "horigins:thundered2.png",
        "strength": 0.8,
        "red": 1.0,
        "green": 1.0,
        "blue": 1.0,
        "draw_mode": "texture",
        "draw_phase": "below_hud",
        "hide_with_hud": false,
        "visible_in_third_person": false,
        "condition": {
            "type": "origins:resource",
            "resource": "hypno:playstyle/zeus/raiju/storm_stacks",
            "comparison": "==",
            "compare_to": 2
        }
    },
    "slow3": {
        "type": "origins:conditioned_attribute",
        "modifier": {
            "name": "Slower recharge",
            "attribute": "minecraft:generic.movement_speed",
            "value": -0.45,
            "operation": "multiply_base"
        },
        "condition": {
            "type": "origins:resource",
            "resource": "hypno:playstyle/zeus/raiju/storm_stacks",
            "comparison": "==",
            "compare_to": 3
        }
    },
    "overlay3": {
        "type": "origins:overlay",
        "texture": "horigins:thundered3.png",
        "strength": 0.9,
        "red": 1.0,
        "green": 1.0,
        "blue": 1.0,
        "draw_mode": "texture",
        "draw_phase": "below_hud",
        "hide_with_hud": false,
        "visible_in_third_person": false,
        "condition": {
            "type": "origins:resource",
            "resource": "hypno:playstyle/zeus/raiju/storm_stacks",
            "comparison": "==",
            "compare_to": 3
        }
    },
    "glow": {
        "type": "origins:self_glow",
        "use_teams": false,
        "red": 1.0,
        "green": 1.0,
        "blue": 0.0,
        "bientity_condition": {
            "type": "origins:and",
            "conditions": [
                {
                    "type": "origins:actor_condition",
                    "condition": {
                        "type": "origins:origin",
                        "origin": "hypno:playstyle/zeus/raiju",
                        "layer": "origins:zeus"
                    }
                },
                {
                    "type": "origins:target_condition",
                    "condition": {
                        "type": "origins:resource",
                        "resource": "hypno:playstyle/zeus/raiju/storm_stacks",
                        "comparison": "==",
                        "compare_to": 3
                    }
                }
            ]
        }
    },
    "hidden": true
}