{
    "name": "Angelic",
	"description": "As an angel, you have characteristic traits that discern you from other beings. ",
    "type": "origins:multiple",
    "scale": {
        "type": "origins:action_on_callback",
        "execute_chosen_when_orb": true,
        "entity_action_added": {
        "type": "origins:and",
        "actions": [
            {
                "type": "origins:execute_command",
                "command": "scale set pehkui:height 1.3",
                "permission_level": 4
            },
            {
                "type": "origins:execute_command",
                "command": "scale set pehkui:width 1.2",
                "permission_level": 4
            },
			{
                "type": "origins:execute_command",
                "command": "scale set pehkui:view_bobbing 0.7",
                "permission_level": 4
            },
			{
                "type": "origins:execute_command",
                "command": "scale set pehkui:step_height 1",
                "permission_level": 4
            },
			{
                "type": "origins:execute_command",
                "command": "scale set pehkui:held_item 0.7",
                "permission_level": 4
            }
        ]
    },
    "entity_action_respawned": {
        "type": "origins:and",
        "actions": [
            {
                "type": "origins:execute_command",
                "command": "scale set pehkui:height 1.3",
                "permission_level": 4
            },
            {
                "type": "origins:execute_command",
                "command": "scale set pehkui:width 1.2",
                "permission_level": 4
            },
			{
                "type": "origins:execute_command",
                "command": "scale set pehkui:view_bobbing 0.7",
                "permission_level": 4
            },
			{
                "type": "origins:execute_command",
                "command": "scale set pehkui:step_height 1",
                "permission_level": 4
            },
			{
                "type": "origins:execute_command",
                "command": "scale set pehkui:held_item 0.7",
                "permission_level": 4
            }
        ]
    },
        "entity_action_lost": {
            "type": "origins:and",
            "actions": [
                {
                    "type": "origins:execute_command",
                    "command": "scale reset pehkui:height @s",
                    "permission_level": 4
                },
                {
                    "type": "origins:execute_command",
                    "command": "scale reset pehkui:width @s",
                    "permission_level": 4
                },
                {
                    "type": "origins:execute_command",
                    "command": "scale reset pehkui:view_bobbing @s",
                    "permission_level": 4
                },
                {
                    "type": "origins:execute_command",
                    "command": "scale reset pehkui:step_height @s",
                    "permission_level": 4
                },
                {
                    "type": "origins:execute_command",
                    "command": "scale reset pehkui:held_item @s",
                    "permission_level": 4
                },
                {
                    "type": "origins:execute_command",
                    "command": "scale reset pehkui:knockback @s",
                    "permission_level": 4
                },
                {
                    "type": "origins:execute_command",
                    "command": "execute as @e[tag=eagle] if score @s blessed = @e[limit=1,sort=nearest] blessed run kill @s",
                    "permission_level": 4
                },
                {
                    "type": "origins:execute_command",
                    "command": "execute as @e[tag=ox] if score @s blessed = @e[limit=1,sort=nearest] blessed run kill @s",
                    "permission_level": 4
                },
                {
                    "type": "origins:execute_command",
                    "command": "execute as @e[tag=lion] if score @s blessed = @e[limit=1,sort=nearest] blessed run kill @s",
                    "permission_level": 4
                }
            ]
        }
    },

    "lessheart1": {
        "type": "origins:conditioned_attribute",
        "modifier": {
            "name": "Health decrease",
            "attribute": "minecraft:generic.max_health",
            "value": -5,
            "operation": "addition"
        },
        "update_health": true,
        "condition":
        {
            "type": "origins:resource",
            "resource": "hypno:playstyle/hephaestus/cherubim/blessings_eagle",
            "comparison": "==",
            "compare_to": 1
        }
    },
    "lessheart2": {
        "type": "origins:conditioned_attribute",
        "modifier": {
            "name": "Health decrease",
            "attribute": "minecraft:generic.max_health",
            "value": -5,
            "operation": "addition"
        },
        "update_health": true,
        "condition":
        {
            "type": "origins:resource",
            "resource": "hypno:playstyle/hephaestus/cherubim/blessings_ox",
            "comparison": "==",
            "compare_to": 1
        }
    },
    "lessheart3": {
        "type": "origins:conditioned_attribute",
        "modifier": {
            "name": "Health decrease",
            "attribute": "minecraft:generic.max_health",
            "value": -5,
            "operation": "addition"
        },
        "update_health": true,
        "condition":
        {
            "type": "origins:resource",
            "resource": "hypno:playstyle/hephaestus/cherubim/blessings_lion",
            "comparison": "==",
            "compare_to": 1
        }
    },
    "healing1":{
        "type": "origins:modify_healing",
        "modifier": {
            "operation": "multiply_total",
            "value": -0.25
        },
        "condition":
        {
            "type": "origins:resource",
            "resource": "hypno:playstyle/hephaestus/cherubim/blessings_eagle",
            "comparison": "==",
            "compare_to": 1
        }
    },
    "healing2":{
        "type": "origins:modify_healing",
        "modifier": {
            "operation": "multiply_total",
            "value": -0.25
        },
        "condition":
        {
            "type": "origins:resource",
            "resource": "hypno:playstyle/hephaestus/cherubim/blessings_ox",
            "comparison": "==",
            "compare_to": 1
        }
    },
    "healing3":{
        "type": "origins:modify_healing",
        "modifier": {
            "operation": "multiply_total",
            "value": -0.25
        },
        "condition":
        {
            "type": "origins:resource",
            "resource": "hypno:playstyle/hephaestus/cherubim/blessings_lion",
            "comparison": "==",
            "compare_to": 1
        }
    },
    "no_fall_damage":
    {
        "type": "origins:modify_falling",
        "velocity": 0.08,
        "take_fall_damage": false,
        "condition": {
            "type": "origins:resource",
            "resource": "hypno:playstyle/hephaestus/cherubim/wings_wing_flaps",
            "comparison": "==",
            "compare_to": 0
        }
    },
    "air_speed_decrease":{
        "type": "origins:modify_air_speed",
        "modifier": {
            "operation": "multiply_total",
            "value": -0.25
        },
        "condition":{
            "type": "origins:resource",
            "resource": "hypno:playstyle/hephaestus/cherubim/blessings_eagle",
            "comparison": "==",
            "compare_to": 1
        }
    },
    "mitigation_decrease":{
        "type": "origins:modify_damage_taken",
        "modifier": {
            "name": "Damage Mitigation",
            "operation": "multiply_base",
            "value": 0.2
        },
        "condition":{
            "type": "origins:resource",
            "resource": "hypno:playstyle/hephaestus/cherubim/blessings_lion",
            "comparison": "==",
            "compare_to": 1
        }
    },
    "speed_decrease":
    {
        "type": "origins:conditioned_attribute",
        "modifier": {
            "attribute": "minecraft:generic.movement_speed",
            "operation": "multiply_base",
            "value": -0.4,
            "name": "Increased sprinting speed"
        },
        "tick_rate": 20,
        "condition":{
            "type": "origins:resource",
            "resource": "hypno:playstyle/hephaestus/cherubim/blessings_ox",
            "comparison": "==",
            "compare_to": 1
        }
    },
    "illuminate":
    {
        "type": "moborigins:illuminate",
        "light": 15
    },
    "binding": {
        "type": "apugli:modify_enchantment_damage_taken",
        "enchantment": "minecraft:binding_curse",
        "base_value": 3,
        "bientity_action": {
            "type": "origins:target_action",
            "action": {
                    "type": "origins:and",
                    "actions": [
                        {
                            "type": "origins:execute_command",
                            "command": "particle minecraft:dust_color_transition 1 1 0 1.3 1 1 1 ~ ~1 ~ 0.5 0.2 0.5 1 100",
                            "permission_level": 4
                        },
                        {
                            "type": "origins:change_resource",
                            "resource": "hypno:playstyle/hephaestus/cherubim/blessings_cooldown",
                            "change": 100
                        }
                    ]
            }
        },
        "modifier": {
            "operation": "addition",
            "value": 5
        }
    }
}