{
    "name": "Heavenly Choir",
    "description": "Using your [Primary Ability Key] whilst equipped with your original head will cast Heavenly Choir. Heavenly Choir will recall all heads and use a special ability on the blessed ones.",
    "type": "origins:multiple",
    "use": {
        "type": "origins:active_self",
        "entity_action": {
            "type": "origins:and",
            "actions": [
                {
                    "type": "origins:execute_command",
                    "command": "execute as @e[tag=eagle] if score @s blessed = @e[limit=1,sort=nearest] blessed run power grant @s hypno:playstyle/hephaestus/cherubim/choir/eagle"
                },
                {
                    "type": "origins:execute_command",
                    "command": "execute as @e[tag=ox] if score @s blessed = @e[limit=1,sort=nearest] blessed run power grant @s hypno:playstyle/hephaestus/cherubim/choir/ox"
                },
                {
                    "type": "origins:execute_command",
                    "command": "execute as @e[tag=lion] if score @s blessed = @e[limit=1,sort=nearest] blessed run power grant @s hypno:playstyle/hephaestus/cherubim/choir/lion"
                },
                {
                    "type": "origins:execute_command",
                    "command": "execute as @e[tag=heads_owner] if score @s blessed = @e[limit=1,sort=nearest] blessed run power remove @s hypno:playstyle/hephaestus/cherubim/eagle_head_follow"
                },
                {
                    "type": "origins:execute_command",
                    "command": "execute as @e[tag=heads_owner] if score @s blessed = @e[limit=1,sort=nearest] blessed run power remove @s hypno:playstyle/hephaestus/cherubim/ox_head_follow"
                },
                {
                    "type": "origins:execute_command",
                    "command": "execute as @e[tag=heads_owner] if score @s blessed = @e[limit=1,sort=nearest] blessed run power remove @s hypno:playstyle/hephaestus/cherubim/lion_head_follow"
                },
                {
                    "type": "origins:execute_command",
                    "command": "playsound simplyswords:elemental_bow_holy_shoot_impact_01 player @a[distance=..16] ~ ~ ~ 0.5 0.5"
                },
                {
                    "type": "origins:execute_command",
                    "command": "playsound minecraft:entity.allay.ambient_without_item player @a ~ ~ ~ 1 0.5"
                },
                {
                    "type": "origins:change_resource",
                    "resource": "hypno:playstyle/hephaestus/cherubim/blessings_cooldown",
                    "change": 600
                }
            ]
        },
        "cooldown": 600,
        "key": {
            "key": "key.origins.primary_active",
            "continuous": false
        },
        "hud_render": {
            "should_render": false
        },
        "condition": {
            "type": "origins:and",
            "conditions": [
                {
                    "type": "origins:or",
                    "conditions": [
                        {
                            "type": "origins:command",
                            "command": "execute as @e[tag=eagle] if score @s blessed = @p blessed",
                            "comparison": "==",
                            "compare_to": 1
                        },
                        {
                            "type": "origins:command",
                            "command": "execute as @e[tag=ox] if score @s blessed = @p blessed",
                            "comparison": "==",
                            "compare_to": 1
                        },
                        {
                            "type": "origins:command",
                            "command": "execute as @e[tag=lion] if score @s blessed = @p blessed",
                            "comparison": "==",
                            "compare_to": 1
                        }
                    ]
                },
                {
                    "type": "origins:resource",
                    "resource": "hypno:playstyle/hephaestus/cherubim/blessings_toggle_resource",
                    "comparison": "==",
                    "compare_to": 0
                }
            ]
        }
    },
    "hidden": false
}