{
    "name": "Eagle",
    "type": "origins:multiple",
    "head_follow": {
        "type": "origins:action_over_time",
        "entity_action": {
            "type": "origins:and",
            "actions": [
                {
                    "type": "origins:execute_command",
                    "command": "execute as @e[tag=eagle] if score @s blessed = @e[limit=1,sort=nearest] blessed store result entity @s Rotation[0] float 1 run data get entity @e[limit=1,sort=nearest] Rotation[0] 1"
                },
                {
                    "type": "origins:execute_command",
                    "command": "execute as @e[tag=eagle] if score @s blessed = @e[limit=1,sort=nearest] blessed store result entity @s Rotation[1] float 1 run data get entity @e[limit=1,sort=nearest] Rotation[1] 1"
                },
                {
                    "type": "origins:execute_command",
                    "command": "execute as @e[tag=eagle] if score @s blessed = @e[limit=1,sort=nearest] blessed run tp @s ^0.5 ^ ^-1"
                }
            ]
        },
        "interval": 1
    },
    "timer": {
        "type": "origins:resource",
        "min": 0,
        "max": 300,
        "start_value": 300,
        "hud_render": {
            "should_render": false
        },
        "min_action": {
            "type": "origins:and",
            "actions": [
                {
                    "type": "origins:execute_command",
                    "command": "execute as @e[tag=eagle] if score @s blessed = @e[limit=1,sort=nearest] blessed run kill @s"
                },
                {
                    "type": "origins:execute_command",
                    "command": "scoreboard players reset @s blessed"
                },
                {
                    "type": "origins:delay",
                    "ticks": 1,
                    "action": {
                        "type": "origins:execute_command",
                        "command": "power remove @s hypno:playstyle/hephaestus/cherubim/eagle"
                    }
                }
            ]
        }
    },
    "timer_down": {
        "type": "origins:action_over_time",
        "entity_action": {
            "type": "origins:change_resource",
            "resource": "hypno:playstyle/hephaestus/cherubim/eagle_timer",
            "change": -10
        },
        "condition": {
            "type": "origins:command",
            "command": "execute as @a[distance=..40] if score @s blessed = @e[limit=1,sort=nearest] blessed",
            "comparison": "==",
            "compare_to": 0
        },
        "interval": 10
    },
    "air_speed": {
        "type": "origins:modify_air_speed",
        "modifier": {
            "operation": "multiply_total",
            "value": 0.25
        }
    },
    "falling_speed": {
        "type": "origins:modify_falling",
        "velocity": 0.04,
        "take_fall_damage": false
    },
    "particles": {
        "type": "origins:action_over_time",
        "entity_action": {
            "type": "origins:and",
            "actions": [
                {
                    "type": "origins:execute_command",
                    "command": "particle minecraft:poof ~ ~1 ~ 0.5 0.2 0.5 0.1 3"
                }
            ]
        },
        "interval": 5
    },      
    "leave": {
        "type": "origins:action_on_callback",
        "entity_action_removed": {
            "type": "origins:and",
            "actions": [
                {
                    "type": "origins:execute_command",
                    "command": "execute as @e[tag=eagle] if score @s blessed = @e[limit=1,sort=nearest] blessed run kill @s"
                },
                {
                    "type": "origins:execute_command",
                    "command": "tag @s remove heads_owner"
                },
                {
                    "type": "origins:execute_command",
                    "command": "scoreboard players reset @s blessed"
                },
                {
                    "type": "origins:execute_command",
                    "command": "power remove @s hypno:playstyle/hephaestus/cherubim/eagle"
                }
            ]
        },
        "execute_chosen_when_orb": false
    },
    "hidden": true
}