{
    "name": "Heads",
    "description": "",
    "type": "origins:multiple",
    "kill": {
        "type": "origins:action_over_time",
        "rising_action": {
            "type": "origins:execute_command",
            "command": "kill @s"
        },
        "condition": {
            "type": "origins:command",
            "command": "execute as @e[tag=heads_owner] if score @s blessed = @e[limit=1,sort=nearest] blessed",
            "comparison": "==",
            "compare_to": 0
        },
        "interval": 1
    },
    "hidden": false
}