{
    "name": "Ox",
    "description": "",
    "type": "origins:multiple",
    "head_follow": {
        "type": "origins:action_over_time",
        "entity_action": {
            "type": "origins:and",
            "actions": [
                {
                    "type": "origins:execute_command",
                    "command": "execute as @e[tag=ox] if score @s blessed = @e[limit=1,sort=nearest] blessed store result entity @s Rotation[0] float 1 run data get entity @e[limit=1,sort=nearest] Rotation[0] 1"
                },
                {
                    "type": "origins:execute_command",
                    "command": "execute as @e[tag=ox] if score @s blessed = @e[limit=1,sort=nearest] blessed store result entity @s Rotation[1] float 1 run data get entity @e[limit=1,sort=nearest] Rotation[1] 1"
                },
                {
                    "type": "origins:execute_command",
                    "command": "execute as @e[tag=ox] if score @s blessed = @e[limit=1,sort=nearest] blessed run tp @s ^0.5 ^ ^-1"
                }
            ]
        },
        "interval": 1
    },
    "timer": {
        "type": "origins:resource",
        "min": 0,
        "max": 300,
        "start_value": 300,
        "hud_render": {
            "should_render": false
        },
        "min_action": {
            "type": "origins:and",
            "actions": [
                {
                    "type": "origins:execute_command",
                    "command": "execute as @e[tag=ox] if score @s blessed = @e[limit=1,sort=nearest] blessed run kill @s"
                },
                {
                    "type": "origins:execute_command",
                    "command": "scoreboard players reset @s blessed"
                },
                {
                    "type": "origins:delay",
                    "ticks": 1,
                    "action": {
                        "type": "origins:execute_command",
                        "command": "power remove @s hypno:playstyle/hephaestus/cherubim/ox"
                    }
                }
            ]
        }
    },
    "timer_down": {
        "type": "origins:action_over_time",
        "entity_action": {
            "type": "origins:change_resource",
            "resource": "hypno:playstyle/hephaestus/cherubim/ox_timer",
            "change": -10
        },
        "condition": {
            "type": "origins:command",
            "command": "execute as @a[distance=..40] if score @s blessed = @e[limit=1,sort=nearest] blessed",
            "comparison": "==",
            "compare_to": 0
        },
        "interval": 10
    },
    "run_resource": {
        "type": "origins:resource",
        "min": 0,
        "max": 20,
        "start_value": 20,
        "hud_render": {
            "should_render": false
        }
    },
    "run_up": {
        "type": "origins:action_over_time",
        "entity_action": {
            "type": "origins:change_resource",
            "resource": "hypno:playstyle/hephaestus/cherubim/ox_run_resource",
            "change": 1
        },
        "condition": {
            "type": "origins:and",
            "conditions": [
                {
                    "type": "origins:sprinting"
                },
                {
                    "type": "origins:on_block"
                }
            ]
        },
        "interval": 10
    },
    "run_down": {
        "type": "origins:action_over_time",
        "entity_action": {
            "type": "origins:change_resource",
            "resource": "hypno:playstyle/hephaestus/cherubim/ox_run_resource",
            "change": -1
        },
        "condition": {
            "type": "origins:or",
            "conditions": [
                {
                    "type": "origins:sprinting",
                    "inverted": true
                },
                {
                    "type": "origins:on_block",
                    "inverted": true
                }
            ]
        },
        "interval": 5
    },
    "speed1": {
        "type": "origins:conditioned_attribute",
        "modifier": {
            "attribute": "minecraft:generic.movement_speed",
            "operation": "multiply_base",
            "value": 0.2,
            "name": "Increased sprinting speed"
        },
        "tick_rate": 20,
        "condition": {
            "type": "origins:resource",
            "resource": "hypno:playstyle/hephaestus/cherubim/ox_run_resource",
            "comparison": ">=",
            "compare_to": 4
        }
    },
    "speed2": {
        "type": "origins:conditioned_attribute",
        "modifier": {
            "attribute": "minecraft:generic.movement_speed",
            "operation": "multiply_base",
            "value": 0.2,
            "name": "Increased sprinting speed"
        },
        "tick_rate": 20,
        "condition": {
            "type": "origins:resource",
            "resource": "hypno:playstyle/hephaestus/cherubim/ox_run_resource",
            "comparison": ">=",
            "compare_to": 8
        }
    },
    "speed3": {
        "type": "origins:conditioned_attribute",
        "modifier": {
            "attribute": "minecraft:generic.movement_speed",
            "operation": "multiply_base",
            "value": 0.2,
            "name": "Increased sprinting speed"
        },
        "tick_rate": 20,
        "condition": {
            "type": "origins:resource",
            "resource": "hypno:playstyle/hephaestus/cherubim/ox_run_resource",
            "comparison": ">=",
            "compare_to": 12
        }
    },
    "speed4": {
        "type": "origins:conditioned_attribute",
        "modifier": {
            "attribute": "minecraft:generic.movement_speed",
            "operation": "multiply_base",
            "value": 0.2,
            "name": "Increased sprinting speed"
        },
        "tick_rate": 20,
        "condition": {
            "type": "origins:resource",
            "resource": "hypno:playstyle/hephaestus/cherubim/ox_run_resource",
            "comparison": ">=",
            "compare_to": 16
        }
    },
    "speed5": {
        "type": "origins:conditioned_attribute",
        "modifier": {
            "attribute": "minecraft:generic.movement_speed",
            "operation": "multiply_base",
            "value": 0.2,
            "name": "Increased sprinting speed"
        },
        "tick_rate": 20,
        "condition": {
            "type": "origins:resource",
            "resource": "hypno:playstyle/hephaestus/cherubim/ox_run_resource",
            "comparison": "==",
            "compare_to": 20
        }
    },
    "particles": {
        "type": "origins:action_over_time",
        "entity_action": {
            "type": "origins:and",
            "actions": [
                {
                    "type": "origins:execute_command",
                    "command": "particle minecraft:dust_color_transition 1 1 1 1 0.1 0.1 0 ~ ~1 ~ 0.5 0.2 0.5 1 4"
                }
            ]
        },
        "interval": 5
    },
    "leave": {
        "type": "origins:action_on_callback",
        "entity_action_removed": {
            "type": "origins:and",
            "actions": [
                {
                    "type": "origins:execute_command",
                    "command": "execute as @e[tag=ox] if score @s blessed = @e[limit=1,sort=nearest] blessed run kill @s"
                },
                {
                    "type": "origins:execute_command",
                    "command": "tag @s remove heads_owner"
                },
                {
                    "type": "origins:execute_command",
                    "command": "scoreboard players reset @s blessed"
                },
                {
                    "type": "origins:execute_command",
                    "command": "power remove @s hypno:playstyle/hephaestus/cherubim/ox"
                }
            ]
        },
        "execute_chosen_when_orb": false
    },
    "hidden": true
}