{
	"powers": [
		"hypno:playstyle/aeolus/phoenix/rekindle",
		"hypno:playstyle/aeolus/phoenix/wings",
		"hypno:playstyle/aeolus/phoenix/firebird",
		"hypno:playstyle/aeolus/phoenix/grace",
		"hypno:playstyle/aeolus/phoenix/blazing_feathers",
		"hypno:playstyle/aeolus/phoenix/blazing_flight"
	],
	"icon": {
		"item": "minecraft:diamond",
		"tag": "{CustomModelData:5,Enchantments:[{}],\"enchant_the_rainbow:GlintColor\":1}"
	},
	"order": 1,
	"impact": 0,
	"name": "Phoenix",
	"description": "An undying bird of fire that lives on to tell another tale of it's own...             Again."
}