{
    "name":"Eagle",
    "description":"",
    "type": "origins:multiple",
    "head":{
        "type": "origins:action_over_time",
        "entity_action": {
            "type": "origins:and",
            "actions": [
                {
                    "type": "origins:execute_command",
                    "command": "execute as @s at @s run tp @s ~ ~0.025 ~ ~20 ~"
                }, 
                {
                    "type": "origins:execute_command",
                    "command": "particle minecraft:end_rod ~ ~1.75 ~ 0 0 0 0 2"
                }, 
                {
                    "type": "origins:change_resource",
                    "resource": "hypno:playstyle/hephaestus/cherubim/choir/eagle_timer",
                    "change": -1
                }
            ]
        },
        "interval": 1
    },
    "timer":
    {
        "type": "origins:resource",
        "min": 0,
        "max": 60,
        "start_value": 60,
        "hud_render": {
            "should_render": false
        },
        "min_action":{
            "type":"origins:and",
            "actions":[
        {
            "type": "origins:execute_command",
            "command": "effect give @a[distance=..8] minecraft:jump_boost 10 1 true"
    },
    {
        "type": "origins:execute_command",
        "command": "execute as @e[tag=heads_owner] if score @s blessed = @e[limit=1,sort=nearest] blessed run power remove @s hypno:playstyle/hephaestus/cherubim/eagle"
    },
    {
        "type": "origins:execute_command",
        "command": "effect give @a[distance=..8] minecraft:slow_falling 10 1 true"
    },
    {
        "type": "origins:execute_command",
        "command": "particle supplementaries:feather ~ ~1.75 ~ 0 0 0 1 50"
    },
    {
        "type": "origins:execute_command",
        "command": "playsound minecraft:entity.phantom.hurt player @a ~ ~ ~ 1 1.4"
    },
    {
        "type":"origins:delay",
        "ticks":1,
        "action":{
        "type": "origins:execute_command",
        "command": "kill @s"
        }
    }
    ]
  }
},
    "hidden": false
}