{
  "name": "Hailstorm",
  "description": "You've acquired Freyr's sword and can use it to unleash Hailstorm. Pressing your [Secondary Ability Key] whilst chained will plant the legendary sword into the ground, creating a hailstorm. In the hailstorm, icicles fall; dealing damage and freezing entities over time. Whilst Unchained, you can channel the energy of the sword to use Permafrost's Leap. Leaping will launch you in the air, and stop you, letting you choose your landing area (Press your [USE] keybind).",
  "type": "origins:multiple",
  "activate_sword": {
    "type": "origins:active_self",
    "entity_action": {
      "type": "origins:and",
      "actions": [
        {
          "type": "origins:execute_command",
          "command": "summon armor_stand ~ ~ ~ {Invisible:1b,Invulnerable:1b,Marker:1b,NoBasePlate:1b,ShowArms:1b,ArmorItems:[{},{},{},{}],HandItems:[{id:\"simplyswords:awakened_lichblade\",Count:1b},{}],Tags:[\"hailstorm\"],Pose:{RightArm:[90f,0f,0f]}}"
        },
        {
          "type": "origins:execute_command",
          "command": "playsound simplyswords:elemental_sword_ice_attack_01 player @a[distance=..16] ~ ~ ~ 1 1.5"
        },
        {
          "type": "origins:execute_command",
          "command": "playsound simplyswords:dark_sword_block player @a[distance=..16] ~ ~ ~ 0.5 0.5"
        },
        {
          "type": "origins:execute_command",
          "command": "particle minecraft:snowflake ~ ~ ~ 0.1 0.1 0.1 1 100"
        },
        {
          "type": "origins:execute_command",
          "command": "tag @s add hailstorm_blade"
        },
        {
          "type": "origins:execute_command",
          "command": "execute store result score @s hailstorm_blade run data get entity @s UUID[0] 1"
        },
        {
          "type": "origins:delay",
          "ticks": 1,
          "action": {
            "type": "origins:execute_command",
            "command": "power grant @e[limit=1,sort=nearest,tag=hailstorm] hypno:playstyle/artemis/fenrirkin/blade"
          }
        },
        {
          "type": "origins:delay",
          "ticks": 1,
          "action": {
            "type": "origins:execute_command",
            "command": "execute store result score @e[limit=1,sort=nearest,type=armor_stand,tag=hailstorm] hailstorm_blade run data get entity @p[tag=hailstorm_blade] UUID[0] 1"
          }
        },
        {
          "type": "origins:delay",
          "ticks": 2,
          "action": {
            "type": "origins:execute_command",
            "command": "tag @s remove hailstorm"
          }
        }
      ]
    },
    "condition": {
      "type": "origins:and",
      "conditions": [
        {
          "type": "origins:on_block"
        },
        {
          "type": "origins:power_active",
          "power": "hypno:playstyle/artemis/fenrirkin/chains_toggle",
          "inverted": true
        }
      ]
    },
    "hud_render": {
      "should_render": true,
      "sprite_location": "horigins:textures/resource_bar01.png",
      "bar_index": 16
    },
    "key": {
      "key": "key.origins.secondary_active"
    },
    "cooldown": 900
  },
  "pickup_sword": {
    "type": "origins:active_self",
    "entity_action": {
      "type": "origins:and",
      "actions": [
        {
          "type": "origins:execute_command",
          "command": "power grant @s hypno:playstyle/artemis/fenrirkin/wild"
        },
        {
          "type": "origins:execute_command",
          "command": "playsound minecraft:entity.wolf.howl player @a ~ ~ ~ 3 0.5"
        },
        {
          "type": "origins:execute_command",
          "command": "playsound simplyswords:magic_sword_spell_01 player @a[distance=..16] ~ ~ ~ 3 0.8"
        },
        {
          "type": "origins:execute_command",
          "command": "particle minecraft:snowflake ~ ~ ~ 0.1 0.1 0.1 1 100"
        },
        {
          "type": "origins:delay",
          "ticks": 1,
          "action": {
            "type": "origins:execute_command",
            "command": "execute as @e[distance=..5,type=armor_stand] if score @s hailstorm_blade = @p hailstorm_blade run kill @s"
          }
        }
      ]
    },
    "condition": {
      "type": "origins:and",
      "conditions": [
        {
          "type": "origins:power",
          "power": "hypno:playstyle/artemis/fenrirkin/unchained",
          "inverted": true
        },
        {
          "type": "origins:sneaking"
        },
        {
          "type": "apugli:entity_in_radius",
          "bientity_condition": {
            "type": "origins:and",
            "conditions": [
              {
                "type": "eggolib:compare_score",
                "actor_objective": "hailstorm_blade",
                "target_objective": "hailstorm_blade",
                "comparison": "=="
              },
              {
                "type": "origins:target_condition",
                "condition": {
                  "type": "origins:and",
                  "conditions": [
                    {
                      "type": "origins:entity_type",
                      "entity_type": "minecraft:armor_stand"
                    }
                  ]
                }
              }
            ]
          },
          "radius": 3.0,
          "comparison": "==",
          "compare_to": 1
        }
      ]
    },
    "hud_render": {
      "should_render": true,
      "sprite_location": "origins:textures/gui/community/spiderkolo/resource_bar_03.png",
      "bar_index": 0
    },
    "key": {
      "key": "key.origins.secondary_active"
    },
    "cooldown": 6000
  },
  "activate_leap": {
    "type": "origins:active_self",
    "entity_action": {
      "type": "origins:and",
      "actions": [
        {
          "type": "origins:add_velocity",
          "y": 1,
          "set": false
        },
        {
          "type": "origins:execute_command",
          "command": "playsound simplyswords:elemental_sword_ice_attack_03 player @a[distance=..16] ~ ~ ~ 2 0.7"
        },
        {
          "type": "origins:execute_command",
          "command": "particle minecraft:block minecraft:blue_ice ~ ~ ~ 1.5 0 1.5 0.1 400"
        },
        {
          "type": "origins:execute_command",
          "command": "particle minecraft:snowflake ~ ~ ~ 1.5 0.3 1.5 0.01 200"
        },
        {
          "type": "origins:execute_command",
          "command": "particle minecraft:dust_color_transition 1 1 1 1.5 0 0 1 ~ ~ ~ 1.5 0 1.5 0.01 200"
        },
        {
          "type": "origins:delay",
          "ticks": 5,
          "action": {
            "type": "origins:execute_command",
            "command": "power grant @s hypno:playstyle/artemis/fenrirkin/leaping"
          }
        }
      ]
    },
    "condition": {
      "type": "origins:and",
      "conditions": [
        {
          "type": "origins:power_active",
          "power": "hypno:playstyle/artemis/fenrirkin/chains_toggle",
          "inverted": false
        }
      ]
    },
    "hud_render": {
      "should_render": true,
      "sprite_location": "horigins:textures/resource_bar01.png",
      "bar_index": 17
    },
    "key": {
      "key": "key.origins.secondary_active"
    },
    "cooldown": 300
  },
  "ice_mining": {
    "type": "origins:modify_break_speed",
    "modifier": {
      "operation": "multiply_base",
      "value": 0.5
    },
    "condition": {
      "type": "apugli:entity_in_radius",
      "bientity_condition": {
        "type": "origins:and",
        "conditions": [
          {
            "type": "eggolib:compare_score",
            "actor_objective": "hailstorm_blade",
            "target_objective": "hailstorm_blade",
            "comparison": "=="
          },
          {
            "type": "origins:target_condition",
            "condition": {
              "type": "origins:and",
              "conditions": [{
                  "type": "origins:command",
                  "command": "execute if entity @s[tag=hailstorm]",
                  "comparison": ">=",
                  "compare_to": 1
                }
              ]
            }
          }
        ]
      },
      "radius": 9.0,
      "comparison": ">=",
      "compare_to": 1
  }
  }
}