{
    "name": "Freezing",
    "description": "The cold is felt along your spine...",
    "type": "origins:multiple",
    "timer": {
        "type": "origins:resource",
        "min": 0,
        "max": 60,
        "start_value": 60,
        "hud_render": {
            "should_render": false
        },
        "min_action": {
            "type": "origins:and",
            "actions": [
                {
                    "type": "origins:execute_command",
                    "command": "draw sphere ~ ~ ~ 5 minecraft:air replace minecraft:frosted_ice"
                },
                {
                    "type": "origins:execute_command",
                    "command": "draw sphere ~ ~ ~ 5 minecraft:air replace minecraft:ice"
                },
                {
                    "type": "origins:execute_command",
                    "command": "kill @s"
                }
            ]
        }
    },
    "timer_down": {
        "type": "origins:action_over_time",
        "entity_action": {
            "type": "origins:and",
            "actions": [
                {
                    "type": "origins:change_resource",
                    "resource": "hypno:playstyle/artemis/fenrirkin/ice_shield_timer",
                    "change": -5
                }
            ]
        },
        "interval": 5
    },
    "hidden": true
}