{
    "type": "origins:multiple",
    "timer": {
        "type": "origins:resource",
        "min": 0,
        "max": 60,
        "start_value": 60,
        "hud_render": {
            "should_render": false
        },
        "min_action": {
            "type": "origins:and",
            "actions": [
                {
                    "type": "origins:execute_command",
                    "command": "kill @s"
                }
            ]
        }
    },
    "particles": {
        "type": "origins:action_over_time",
        "entity_action": {
            "type": "origins:and",
            "actions": [
                {
                    "type": "origins:execute_command",
                    "command": "particle minecraft:block minecraft:ice ~ ~ ~ 0.1 0.1 0.1 0 10"
                },
                {
                    "type": "origins:execute_command",
                    "command": "particle minecraft:snowflake ~ ~ ~ 0.1 0.1 0.1 0 3"
                },
                {
                    "type": "origins:execute_command",
                    "command": "particle minecraft:dust_color_transition 1 1 1 2 0 0 0.5 ~ ~ ~ 0.3 0.3 0.3 1 7"
                }
            ]
        },
        "interval": 1
    },
    "landing": {
        "type": "origins:action_over_time",
        "rising_action": {
            "type":"origins:and",
            "actions":[{
            "type": "origins:area_of_effect",
            "radius": 3,
            "bientity_action": {
                "type": "origins:and",
                "actions": [
                    {
                        "type": "origins:target_action",
                        "action": {
                            "type": "origins:and",
                            "actions": [
                                {
                                    "type": "origins:change_resource",
                                    "resource": "hypno:playstyle/artemis/fenrirkin/freezing_stacks",
                                    "change": 1
                                },
                                {
                                    "type": "origins:execute_command",
                                    "command": "particle minecraft:block minecraft:blue_ice ~ ~1 ~ 0.5 0.5 0.5 1 10"
                                },
                                {
                                    "type": "origins:execute_command",
                                    "command": "power grant @s hypno:playstyle/artemis/fenrirkin/freezing"
                                },
                                {
                                    "type": "origins:execute_command",
                                    "command": "tag @s add freezing"
                                },
                                {
                                    "type": "origins:execute_command",
                                    "command": "particle minecraft:snowflake ~ ~ ~ 1.75 0 1.75 0 100"
                                },
                                {
                                    "type": "origins:execute_command",
                                    "command": "particle minecraft:block minecraft:blue_ice ~ ~ ~ 1.75 0 1.75 0 100"
                                },
                                {
                                    "type": "origins:change_resource",
                                    "resource": "hypno:playstyle/artemis/fenrirkin/freezing_timer",
                                    "change": 25
                                },
                                {
                                    "type": "origins:damage",
                                    "amount": 3,
                                    "source": {
                                        "name": "freeze",
                                        "bypasses_armor": true
                                    }
                                }
                            ]
                        }
                    }
                ]
            },
            "bientity_condition": {
                "type": "origins:target_condition",
                "condition": {
                    "type": "origins:and",
                    "conditions": [
                        {
                            "type": "origins:living"
                        },
                        {
                            "type": "origins:in_tag",
                            "tag": "hypno:living"
                        },
                        {
                            "type": "origins:origin",
                            "origin": "hypno:playstyle/artemis/fenrirkin",
                            "layer": "origins:artemis",
                            "inverted": true
                        }
                    ]
                }
            }
            },
            {
                "type": "origins:execute_command",
                "command": "particle minecraft:block minecraft:blue_ice ~ ~ ~ 1 0 1 0 20"
            },
            {
                "type": "origins:execute_command",
                "command": "particle minecraft:dust_color_transition 0 1 1 1.4 1 1 1 ~ ~ ~ 1 0 1 0 50"
            },
            {
                "type": "origins:execute_command",
                "command": "playsound simplyswords:elemental_bow_ice_shoot_impact_03 player @a[distance=..16] ~ ~ ~ 0.5 2"
            },
            {
                "type": "origins:block_action_at",
                "block_action": {
                    "type": "eggolib:area_of_effect",
                    "radius": 3,
                    "shape": "star",
                    "block_action": {
                        "type": "apoli:set_block",
                        "block": "minecraft:frosted_ice"
                    },
                    "block_condition":  {
                        "type": "origins:block",
                        "block": "minecraft:water"
                    }
                }
            }
        ]
        },
        "interval": 1,
        "condition": {
            "type": "origins:on_block"
        }
    },
    "fall_speed": {
        "type": "origins:modify_falling",
        "velocity": 0.03,
        "take_fall_damage": true
    },
    "timer_down": {
        "type": "origins:action_over_time",
        "entity_action": {
            "type": "origins:and",
            "actions": [
                {
                    "type": "origins:change_resource",
                    "resource": "hypno:playstyle/artemis/fenrirkin/icicle_timer",
                    "change": -1
                }
            ]
        },
        "interval": 1
    }
}