{
    "name": "Wild and Free",
    "description": "[SNEAKING] and pressing [SECONDARY ABILITY KEY] whilst near Freyr's sword will consume the sword and unleash your final form. Whilst in this form, [PRIMARY ABILITY KEY] will drop icicles on nearby entities, whilst [SECONDARY ABILITY KEY] will end the frenzy and create an ice shield around you. Enemies inside the ice shield will be totally frozen, preventing them from moving entirely, but also from taking any damage.",
    "type": "origins:multiple",
    "timer_down": {
        "type": "origins:action_over_time",
        "entity_action": {
            "type": "origins:change_resource",
            "resource": "hypno:playstyle/artemis/fenrirkin/wild_timer",
            "change": -10
        },
        "interval": 10
    },
    "timer": {
        "type": "origins:resource",
        "min": 0,
        "max": 600,
        "start_value": 600,
        "min_action": {
            "type": "origins:and",
            "actions": [
                {
                    "type": "origins:execute_command",
                    "command": "power remove @s hypno:playstyle/artemis/fenrirkin/wild"
                }
            ]
        },
        "hud_render": {
            "should_render": false
        }
    },
    "movement_increase": {
        "type": "origins:conditioned_attribute",
        "modifier": {
            "name": "Speed increase",
            "attribute": "minecraft:generic.movement_speed",
            "value": 1,
            "operation": "multiply_base"
        }
    },
    "air_speed": {
        "type": "origins:modify_air_speed",
        "modifier": {
            "operation": "multiply_total",
            "value": 1.0
        }
    },
    "healing_boost": {
        "type": "origins:modify_healing",
        "modifier": {
            "operation": "multiply_total",
            "value": 0.5
        }
    },
    "attackspeed_increase": {
        "type": "origins:conditioned_attribute",
        "modifier": {
            "name": "Attack speed decrease",
            "attribute": "minecraft:generic.attack_speed",
            "value": 0.25,
            "operation": "multiply_base"
        }
    },
    "break_speed": {
        "type": "origins:modify_break_speed",
        "modifier": {
            "operation": "multiply_base",
            "value": 0.25
        }
    },
    "chainless": {
        "type": "origins:modify_damage_taken",
        "modifier": {
            "name": "Chainless",
            "operation": "multiply_total",
            "value": 0.5
        }
    },
    "reckless": {
        "type": "eggolib:modify_hurt_ticks",
        "modifier": {
            "operation": "multiply_total",
            "value": -0.5
        }
    },
    "icicles": {
        "type": "origins:active_self",
        "entity_action": {
            "type": "origins:area_of_effect",
            "radius": 12,
            "bientity_action": {
                "type": "origins:and",
                "actions": [
                    {
                        "type": "origins:target_action",
                        "action": {
                            "type": "origins:and",
                            "actions": [
                                {
                                    "type": "origins:execute_command",
                                    "command": "summon armor_stand ~ ~ ~ {Invisible:1b,Invulnerable:1b,NoBasePlate:1b,ArmorItems:[{},{},{},{}],HandItems:[{},{}],Tags:[\"icicle\"],DisabledSlots:4144959}"
                                },
                                {
                                    "type": "origins:execute_command",
                                    "command": "execute as @e[tag=icicle] at @s run tp @s ~ ~5 ~"
                                },
                                {
                                    "type": "origins:execute_command",
                                    "command": "power grant @e[tag=icicle] hypno:playstyle/artemis/fenrirkin/icicle"
                                },
                                {
                                    "type": "origins:execute_command",
                                    "command": "tag @e[tag=icicle] remove icicle"
                                }
                            ]
                        }
                    },
                    {
                        "type": "origins:actor_action",
                        "action": {
                            "type": "origins:and",
                            "actions": [
                                {
                                    "type": "origins:execute_command",
                                    "command": "playsound simplyswords:elemental_sword_ice_attack_03 player @a[distance=..16] ~ ~ ~ 2 0.7"
                                }
                            ]
                        }
                    }
                ]
            },
            "bientity_condition": {
                "type": "origins:target_condition",
                "condition": {
                    "type": "origins:and",
                    "conditions": [
                        {
                            "type": "origins:living"
                        },
                        {
                            "type": "origins:in_tag",
                            "tag": "hypno:living"
                        }
                    ]
                }
            }
        },
        "hud_render": {
            "should_render": false
        },
        "key": {
            "key": "key.origins.primary_active",
            "continuous": true
        },
        "cooldown": 20
    },
    "ice_shield": {
        "type": "origins:active_self",
        "entity_action": {
            "type": "origins:and",
            "actions": [
                {
                    "type": "origins:execute_command",
                    "command": "summon armor_stand ~ ~ ~ {Invisible:1b,Invulnerable:1b,NoGravity:1b,NoBasePlate:1b,ArmorItems:[{},{},{},{}],HandItems:[{},{}],Tags:[\"ice_shield\"],DisabledSlots:4144959}"
                },
                {
                    "type": "origins:execute_command",
                    "command": "power grant @e[limit=1,sort=nearest,tag=ice_shield] hypno:playstyle/artemis/fenrirkin/ice_shield"
                },
                {
                    "type": "origins:execute_command",
                    "command": "playsound simplyswords:elemental_bow_ice_shoot_impact_03 player @a[distance=..16] ~ ~ ~ 1 0.5"
                },
                {
                    "type": "origins:execute_command",
                    "command": "draw ball ~ ~ ~ 5 minecraft:air replace minecraft:water"
                },
                {
                    "type": "origins:execute_command",
                    "command": "draw sphere ~ ~ ~ 5 minecraft:frosted_ice replace minecraft:water"
                },
                {
                    "type": "origins:execute_command",
                    "command": "draw sphere ~ ~ ~ 5 minecraft:ice replace minecraft:air"
                },
                {
                    "type": "origins:area_of_effect",
                    "radius": 5,
                    "bientity_action": {
                        "type": "origins:and",
                        "actions": [
                            {
                                "type": "origins:target_action",
                                "action": {
                                    "type": "origins:and",
                                    "actions": [
                                        {
                                            "type": "origins:execute_command",
                                            "command": "power grant @s hypno:playstyle/artemis/fenrirkin/frozen"
                                        },
                                        {
                                            "type": "origins:execute_command",
                                            "command": "particle minecraft:block minecraft:blue_ice ~ ~1 ~ 0.5 0.5 0.5 1 10"
                                        },
                                        {
                                            "type": "origins:execute_command",
                                            "command": "particle minecraft:snowflake ~ ~ ~ 1.75 0 1.75 0 100"
                                        },
                                        {
                                            "type": "origins:execute_command",
                                            "command": "particle minecraft:block minecraft:blue_ice ~ ~ ~ 1.75 0 1.75 0 100"
                                        }
                                    ]
                                }
                            }
                        ]
                    },
                    "bientity_condition": {
                        "type": "origins:target_condition",
                        "condition": {
                            "type": "origins:and",
                            "conditions": [
                                {
                                    "type": "origins:living"
                                },
                                {
                                    "type": "origins:in_tag",
                                    "tag": "hypno:living"
                                },
                                {
                                    "type": "origins:origin",
                                    "origin": "hypno:playstyle/artemis/fenrirkin",
                                    "layer": "origins:artemis",
                                    "inverted": true
                                }
                            ]
                        }
                    }
                },
                {
                    "type": "origins:execute_command",
                    "command": "power remove @s hypno:playstyle/artemis/fenrirkin/wild"
                }
            ]
        },
        "hud_render": {
            "should_render": false
        },
        "key": {
            "key": "key.origins.secondary_active"
        },
        "cooldown": 20
    },
    "hidden": false
}