{
    "name":"Shocked",
    "description":"You take more damage and can't move as well.",
    "type": "origins:multiple",
    "timer":
    { 
        "type": "origins:resource",
        "min": 0,
        "max": 300,
        "start_value": 300,
        "hud_render": {
            "should_render": false
        },
        "min_action": {
            "type": "origins:execute_command",
            "command": "power remove @s hypno:playstyle/ares/oni/bloodthirsty"
        }
    },
    "timer_down":{
        "type": "origins:action_over_time",
        "entity_action": {
            "type": "origins:change_resource",
            "resource": "hypno:playstyle/ares/oni/bloodthirsty_timer",
            "change": -10
        },  
        "interval": 10
    },
    "particles":{
        "type": "origins:action_over_time",
        "entity_action": {
            "type": "origins:and",
            "actions": [
                {
                "type": "apoli:execute_command",
                "command": "function hypno:spiral"
                   
                },
                {
                "type": "apoli:execute_command",
                "command": "scoreboard players add @s spiral1 1"
                }
                ]
            },
        "interval": 1
    },
    "particles_reset":{
        "type": "origins:action_over_time",
        "entity_action": {
            "type": "origins:and",
            "actions": [
                {
                "type": "apoli:execute_command",
                "command": "scoreboard players reset @s spiral1"
                }
                ]
            },
        "interval": 21
    },
    "bar":
    {
        "type": "origins:resource",
        "min": 0,
        "max": 100,
        "start_value": 0,
        "hud_render": {
            "sprite_location": "origins:textures/gui/community/huang/resource_bar_01.png",
            "bar_index": 4
        }
    },
    "healing":
    {
        "type": "origins:modify_healing",
        "modifier": {
            "operation": "multiply_total",
            "value": -1
        }
    },
    "blood_gain":
    {
        "type": "origins:action_on_hit",
        "bientity_action":  {
            "type":"origins:and",
            "actions":[{
            "type": "origins:target_action",
            "action": {
            "type":"origins:and",
            "actions":[   
              {
              "type": "origins:execute_command",
              "command": "summon item ~ ~ ~ {Age:5985,PickupDelay:32767,Motion:[0.2,0.5,0.0],Tags:[\"blooditem\"],Item:{id:\"minecraft:redstone\",Count:1b,tag:{display:{Name:'{\"text\":\"Blood\"}'}}}}"
              },
              {
                "type": "origins:execute_command",
                "command": "summon item ~ ~ ~ {Age:5985,PickupDelay:32767,Motion:[-0.2,0.5,0.0],Tags:[\"blooditem\"],Item:{id:\"minecraft:redstone\",Count:1b,tag:{display:{Name:'{\"text\":\"Blood\"}'}}}}"
              },
              {
                "type": "origins:execute_command",
                "command": "summon item ~ ~ ~ {Age:5985,PickupDelay:32767,Motion:[0.0,0.5,0.2],Tags:[\"blooditem\"],Item:{id:\"minecraft:redstone\",Count:1b,tag:{display:{Name:'{\"text\":\"Blood\"}'}}}}"
              },
              {
                "type": "origins:execute_command",
                "command": "summon item ~ ~ ~ {Age:5985,PickupDelay:32767,Motion:[0.0,0.5,-0.2],Tags:[\"blooditem\"],Item:{id:\"minecraft:redstone\",Count:1b,tag:{display:{Name:'{\"text\":\"Blood\"}'}}}}"
              },
              {
                "type": "origins:execute_command",
                "command": "particle minecraft:dust_color_transition 1 0 0 1 0.5 0 0 ~ ~0.7 ~ 0.3 0.3 0.3 1 100"
              }
            ]
          }
          },
          {
            "type": "origins:actor_action",
            "action": {
            "type":"origins:and",
            "actions":[   
            {
                "type": "origins:change_resource",
                "resource": "hypno:playstyle/ares/oni/bloodthirsty_bar",
                "change": 10
            }
            ]
          }
          }
        ]
    },
    "damage_condition": {
        "type": "origins:amount",
        "comparison": ">=",
        "compare_to": 10
    },
    "cooldown":1
    },
    "activation":{
        "type": "origins:active_self",
        "entity_action": {
            "type": "origins:if_else_list",
            "actions": [
                {
                    "condition": {
                        "type": "origins:resource",
                        "resource": "*:*_bar",
                        "comparison": "==",
                        "compare_to": 10
                },
                    "action": {
                        "type":"origins:and",
                        "actions":[
                            {
                                "type": "origins:execute_command",
                                "command": "power remove @s hypno:playstyle/ares/oni/bloodthirsty_healing"
                            },
                            {
                                "type": "origins:execute_command",
                                "command": "particle minecraft:heart ~ ~1 ~ 0.3 0.3 0.3 1 10"
                            },
                            {
                                "type": "origins:execute_command",
                                "command": "particle minecraft:dust 1 0 0 1 ~ ~1 ~ 0.4 0.1 0.4 1 100"
                            },
                            {
                                "type": "origins:execute_command",
                                "command": "playsound minecraft:entity.evoker.cast_spell player @s ~ ~ ~ 2 2"
                            },
                            {
                            "type":"origins:delay",
                             "ticks":1,
                             "action":{
                             "type": "origins:heal",
                             "amount": 1
                                }
                            },
                            {
                            "type":"origins:delay",
                             "ticks":2,
                             "action": {
                                "type": "origins:execute_command",
                                "command": "power remove @s hypno:playstyle/ares/oni/bloodthirsty"
                            }
                        }
                    ]
                }
                },
                {
                    "condition": {
                        "type": "origins:resource",
                        "resource": "*:*_bar",
                        "comparison": "==",
                        "compare_to": 20
                },
                    "action": {
                        "type":"origins:and",
                        "actions":[
                            {
                                "type": "origins:execute_command",
                                "command": "power remove @s hypno:playstyle/ares/oni/bloodthirsty_healing"
                            },
                            {
                                "type": "origins:execute_command",
                                "command": "particle minecraft:heart ~ ~1 ~ 0.3 0.3 0.3 1 10"
                            },
                            {
                                "type": "origins:execute_command",
                                "command": "particle minecraft:dust 1 0 0 1 ~ ~1 ~ 0.4 0.1 0.4 1 100"
                            },
                            {
                                "type": "origins:execute_command",
                                "command": "playsound minecraft:entity.evoker.cast_spell player @s ~ ~ ~ 2 2"
                            },
                            {
                            "type":"origins:delay",
                             "ticks":1,
                             "action":{
                             "type": "origins:heal",
                             "amount": 2
                                }
                            },
                            {
                            "type":"origins:delay",
                             "ticks":2,
                             "action": {
                                "type": "origins:execute_command",
                                "command": "power remove @s hypno:playstyle/ares/oni/bloodthirsty"
                            }
                        }
                    ]
                }
                },
                {
                    "condition": {
                        "type": "origins:resource",
                        "resource": "*:*_bar",
                        "comparison": "==",
                        "compare_to": 30
                },
                    "action": {
                        "type":"origins:and",
                        "actions":[
                            {
                                "type": "origins:execute_command",
                                "command": "power remove @s hypno:playstyle/ares/oni/bloodthirsty_healing"
                            },
                            {
                                "type": "origins:execute_command",
                                "command": "particle minecraft:heart ~ ~1 ~ 0.3 0.3 0.3 1 10"
                            },
                            {
                                "type": "origins:execute_command",
                                "command": "particle minecraft:dust 1 0 0 1 ~ ~1 ~ 0.4 0.1 0.4 1 100"
                            },
                            {
                                "type": "origins:execute_command",
                                "command": "playsound minecraft:entity.evoker.cast_spell player @s ~ ~ ~ 2 2"
                            },
                            {
                            "type":"origins:delay",
                             "ticks":1,
                             "action":{
                             "type": "origins:heal",
                             "amount": 3
                                }
                            },
                            {
                            "type":"origins:delay",
                             "ticks":2,
                             "action": {
                                "type": "origins:execute_command",
                                "command": "power remove @s hypno:playstyle/ares/oni/bloodthirsty"
                            }
                        }
                    ]
                }
                },
                {
                    "condition": {
                        "type": "origins:resource",
                        "resource": "*:*_bar",
                        "comparison": "==",
                        "compare_to": 40      
                },
                    "action": {
                        "type":"origins:and",
                        "actions":[
                            {
                                "type": "origins:execute_command",
                                "command": "power remove @s hypno:playstyle/ares/oni/bloodthirsty_healing"
                            },
                            {
                                "type": "origins:execute_command",
                                "command": "particle minecraft:heart ~ ~1 ~ 0.3 0.3 0.3 1 10"
                            },
                            {
                                "type": "origins:execute_command",
                                "command": "particle minecraft:dust 1 0 0 1 ~ ~1 ~ 0.4 0.1 0.4 1 100"
                            },
                            {
                                "type": "origins:execute_command",
                                "command": "playsound minecraft:entity.evoker.cast_spell player @s ~ ~ ~ 2 2"
                            },
                            {
                            "type":"origins:delay",
                             "ticks":1,
                             "action":{
                                "type":"origins:and",
                                "actions":[
                                    {
                                        "type": "origins:execute_command",
                                        "command": "power remove @s hypno:playstyle/ares/oni/bloodthirsty_healing"
                                    },
                                    {
                                    "type":"origins:delay",
                                     "ticks":1,
                                     "action":{
                                     "type": "origins:heal",
                                     "amount": 4
                                        }
                                    },
                                    {
                                    "type":"origins:delay",
                                     "ticks":2,
                                     "action": {
                                        "type": "origins:execute_command",
                                        "command": "power remove @s hypno:playstyle/ares/oni/bloodthirsty"
                                    }
                                }
                            ]
                        }
                            },
                            {
                            "type":"origins:delay",
                             "ticks":2,
                             "action": {
                                "type": "origins:execute_command",
                                "command": "power remove @s hypno:playstyle/ares/oni/bloodthirsty"
                            }
                        }
                    ]
                }
                },
                {
                    "condition": {
                        "type": "origins:resource",
                        "resource": "*:*_bar",
                        "comparison": "==",
                        "compare_to": 50
                },
                    "action": {
                        "type":"origins:and",
                        "actions":[
                            {
                                "type": "origins:execute_command",
                                "command": "power remove @s hypno:playstyle/ares/oni/bloodthirsty_healing"
                            },
                            {
                                "type": "origins:execute_command",
                                "command": "particle minecraft:heart ~ ~1 ~ 0.3 0.3 0.3 1 10"
                            },
                            {
                                "type": "origins:execute_command",
                                "command": "particle minecraft:dust 1 0 0 1 ~ ~1 ~ 0.4 0.1 0.4 1 100"
                            },
                            {
                                "type": "origins:execute_command",
                                "command": "playsound minecraft:entity.evoker.cast_spell player @s ~ ~ ~ 2 2"
                            },
                            {
                            "type":"origins:delay",
                             "ticks":1,
                             "action":{
                             "type": "origins:heal",
                             "amount": 5
                                }
                            },
                            {
                            "type":"origins:delay",
                             "ticks":2,
                             "action": {
                                "type": "origins:execute_command",
                                "command": "power remove @s hypno:playstyle/ares/oni/bloodthirsty"
                            }
                        }
                    ]
                }
                },
                {
                    "condition": {
                        "type": "origins:resource",
                        "resource": "*:*_bar",
                        "comparison": "==",
                        "compare_to": 60
                },
                    "action": {
                        "type":"origins:and",
                        "actions":[
                            {
                                "type": "origins:execute_command",
                                "command": "power remove @s hypno:playstyle/ares/oni/bloodthirsty_healing"
                            },
                            {
                                "type": "origins:execute_command",
                                "command": "particle minecraft:heart ~ ~1 ~ 0.3 0.3 0.3 1 10"
                            },
                            {
                                "type": "origins:execute_command",
                                "command": "particle minecraft:dust 1 0 0 1 ~ ~1 ~ 0.4 0.1 0.4 1 100"
                            },
                            {
                                "type": "origins:execute_command",
                                "command": "playsound minecraft:entity.evoker.cast_spell player @s ~ ~ ~ 2 2"
                            },
                            {
                            "type":"origins:delay",
                             "ticks":1,
                             "action":{
                             "type": "origins:heal",
                             "amount": 6
                                }
                            },
                            {
                            "type":"origins:delay",
                             "ticks":2,
                             "action": {
                                "type": "origins:execute_command",
                                "command": "power remove @s hypno:playstyle/ares/oni/bloodthirsty"
                            }
                        }
                    ]
                }
                },
                {
                    "condition": {
                        "type": "origins:resource",
                        "resource": "*:*_bar",
                        "comparison": "==",
                        "compare_to": 70
                },
                    "action": {
                        "type":"origins:and",
                        "actions":[
                            {
                                "type": "origins:execute_command",
                                "command": "power remove @s hypno:playstyle/ares/oni/bloodthirsty_healing"
                            },
                            {
                                "type": "origins:execute_command",
                                "command": "particle minecraft:heart ~ ~1 ~ 0.3 0.3 0.3 1 10"
                            },
                            {
                                "type": "origins:execute_command",
                                "command": "particle minecraft:dust 1 0 0 1 ~ ~1 ~ 0.4 0.1 0.4 1 100"
                            },
                            {
                                "type": "origins:execute_command",
                                "command": "playsound minecraft:entity.evoker.cast_spell player @s ~ ~ ~ 2 2"
                            },
                            {
                            "type":"origins:delay",
                             "ticks":1,
                             "action":{
                             "type": "origins:heal",
                             "amount": 7
                                }
                            },
                            {
                            "type":"origins:delay",
                             "ticks":2,
                             "action": {
                                "type": "origins:execute_command",
                                "command": "power remove @s hypno:playstyle/ares/oni/bloodthirsty"
                            }
                        }
                    ]
                }
                },
                {
                    "condition": {
                        "type": "origins:resource",
                        "resource": "*:*_bar",
                        "comparison": "==",
                        "compare_to": 80
                },
                    "action": {
                        "type":"origins:and",
                        "actions":[
                            {
                                "type": "origins:execute_command",
                                "command": "power remove @s hypno:playstyle/ares/oni/bloodthirsty_healing"
                            },
                            {
                                "type": "origins:execute_command",
                                "command": "particle minecraft:heart ~ ~1 ~ 0.3 0.3 0.3 1 10"
                            },
                            {
                                "type": "origins:execute_command",
                                "command": "particle minecraft:dust 1 0 0 1 ~ ~1 ~ 0.4 0.1 0.4 1 100"
                            },
                            {
                                "type": "origins:execute_command",
                                "command": "playsound minecraft:entity.evoker.cast_spell player @s ~ ~ ~ 2 2"
                            },
                            {
                            "type":"origins:delay",
                             "ticks":1,
                             "action":{
                             "type": "origins:heal",
                             "amount": 8
                                }
                            },
                            {
                            "type":"origins:delay",
                             "ticks":2,
                             "action": {
                                "type": "origins:execute_command",
                                "command": "power remove @s hypno:playstyle/ares/oni/bloodthirsty"
                            }
                        }
                    ]
                }
                },
                {
                    "condition": {
                        "type": "origins:resource",
                        "resource": "*:*_bar",
                        "comparison": "==",
                        "compare_to": 90   
                },
                    "action": {
                        "type":"origins:and",
                        "actions":[
                            {
                                "type": "origins:execute_command",
                                "command": "power remove @s hypno:playstyle/ares/oni/bloodthirsty_healing"
                            },
                            {
                                "type": "origins:execute_command",
                                "command": "particle minecraft:heart ~ ~1 ~ 0.3 0.3 0.3 1 10"
                            },
                            {
                                "type": "origins:execute_command",
                                "command": "particle minecraft:dust 1 0 0 1 ~ ~1 ~ 0.4 0.1 0.4 1 100"
                            },
                            {
                                "type": "origins:execute_command",
                                "command": "playsound minecraft:entity.evoker.cast_spell player @s ~ ~ ~ 2 2"
                            },
                            {
                            "type":"origins:delay",
                             "ticks":1,
                             "action":{
                             "type": "origins:heal",
                             "amount": 9
                                }
                            },
                            {
                            "type":"origins:delay",
                             "ticks":2,
                             "action": {
                                "type": "origins:execute_command",
                                "command": "power remove @s hypno:playstyle/ares/oni/bloodthirsty"
                            }
                        }
                    ]
                }
                },
                {
                    "condition": {
                        "type": "origins:resource",
                        "resource": "*:*_bar",
                        "comparison": "==",
                        "compare_to": 100
                },
                    "action":  {
                            "type": "origins:area_of_effect",
                            "radius": 6,
                            "bientity_action": {
                                "type":"origins:and",
                                "actions":[{
                                "type": "origins:target_action",
                                "action": {
                                    "type":"origins:and",
                                    "actions":[{
                                    "type": "origins:add_velocity",
                                    "y": 1.3
                                },
                                {
                                    "type":"origins:delay",
                                    "ticks":2,
                                    "action":
                                    {
                                        "type": "origins:and",
                                        "actions": [{
                                            "type": "origins:execute_command",
                                            "command": "power grant @s hypno:playstyle/ares/oni/slashed"
                                        }
                                ]
                                    }
                                },
                                {
                                    "type":"origins:delay",
                                    "ticks": 22,
                                    "action":
                                    {
                                        "type": "origins:and",
                                        "actions": [{
                                            "type": "origins:damage",
                                            "amount": 10,
                                            "source": {
                                                "name": "generic",
                                                "bypasses_armor": true
                                            }
                                        }
                                ]
                                    }
                        }
                        ]
                        }
                    },
                        {
                            "type": "origins:actor_action",
                            "action": {
                                "type":"origins:and",
                                "actions":[
                                {
                                    "type":"origins:delay",
                                    "ticks":1,
                                    "action":
                                    {
                                        "type": "origins:and",
                                        "actions": [{
                                            "type": "origins:execute_command",
                                            "command": "power grant @s hypno:playstyle/ares/oni/slash"
                                        }
                                ]
                                    }
                                },
                                {
                                    "type": "origins:execute_command",
                                    "command": "power remove @s hypno:playstyle/ares/oni/bloodthirsty_healing"
                                },
                                {
                                    "type": "origins:execute_command",
                                    "command": "particle minecraft:heart ~ ~1 ~ 0.3 0.3 0.3 1 10"
                                },
                                {
                                    "type": "origins:execute_command",
                                    "command": "particle minecraft:dust 1 0 0 1 ~ ~1 ~ 0.4 0.1 0.4 1 100"
                                },
                                {
                                    "type": "origins:execute_command",
                                    "command": "playsound minecraft:entity.iron_golem.damage player @a ~ ~ ~ 2 0.5"
                                },
                                {
                                    
                                "type":"origins:delay",
                                 "ticks":1,
                                 "action":{
                                 "type": "origins:heal",
                                 "amount": 9
                                    }
                                },
                                {
                                    "type":"origins:delay",
                                     "ticks":22,
                                     "action":{
                                        "type": "origins:execute_command",
                                        "command": "function hypno:sacrifice"
                                    }
                                },
                                {
                                    "type":"origins:delay",
                                    "ticks":23,
                                    "action":
                                    {
                                    "type": "origins:execute_command",
                                    "command": "power remove @s hypno:playstyle/ares/oni/bloodthirsty"
                                        }
                                    }
                                    ]
                                }
                            },
                    {
                        "type":"origins:delay",
                        "ticks": 22,
                        "action":
                        {
                        "type": "origins:add_velocity",
                        "z": 0.5
                        }
                    }
                        ]
                        },
                        
                        "bientity_condition": {
                            "type": "origins:can_see"
                        }
                    }
                }
                ]
                },
        "cooldown": 10,
        "hud_render": {
            "should_render": false
        },
        "key": {
            "key": "key.origins.primary_active"
        },
        "condition": {
            "type":"origins:and",
            "conditions":[
                {
                    "type": "origins:resource",
                    "resource": "*:*_bar",
                    "comparison": ">=",
                    "compare_to": 10
                }
            ]
    }
},
"hidden": true
}