{
    "type": "origins:multiple",
    "scale": {
        "type": "origins:action_on_callback",
        "execute_chosen_when_orb": true,
        "entity_action_added": {
        "type": "origins:and",
        "actions": [
            {
                "type": "origins:execute_command",
                "command": "scale set pehkui:height 1.1",
                "permission_level": 4
            },
            {
                "type": "origins:execute_command",
                "command": "scale set pehkui:width 1.15",
                "permission_level": 4
            },
			{
                "type": "origins:execute_command",
                "command": "scale set pehkui:view_bobbing 0.65",
                "permission_level": 4
            },
			{
                "type": "origins:execute_command",
                "command": "scale set pehkui:held_item 0.9",
                "permission_level": 4
            }
        ]
    },
    "entity_action_respawned": {
        "type": "origins:and",
        "actions": [
            {
                "type": "origins:execute_command",
                "command": "scale set pehkui:height 1.1",
                "permission_level": 4
            },
            {
                "type": "origins:execute_command",
                "command": "scale set pehkui:width 1.15",
                "permission_level": 4
            },
			{
                "type": "origins:execute_command",
                "command": "scale set pehkui:view_bobbing 0.65",
                "permission_level": 4
            },
			{
                "type": "origins:execute_command",
                "command": "scale set pehkui:held_item 0.9",
                "permission_level": 4
            }
            ]
        },
        "entity_action_lost": {
            "type": "origins:and",
            "actions": [
                {
                    "type": "origins:execute_command",
                    "command": "scale reset pehkui:height",
                    "permission_level": 4
                },
                {
                    "type": "origins:execute_command",
                    "command": "scale reset pehkui:width",
                    "permission_level": 4
                },
                {
                    "type": "origins:execute_command",
                    "command": "scale reset pehkui:view_bobbing",
                    "permission_level": 4
                },
                {
                    "type": "origins:execute_command",
                    "command": "scale reset pehkui:held_item",
                    "permission_level": 4
                }
                ]
            }
    },

    "extraheart": {
        "type": "origins:attribute",
        "modifier": {
            "name": "Max health increase",
            "attribute": "minecraft:generic.max_health",
            "value": 2,
            "operation": "addition"
        }
    },

    "lowerattackspeed":{
        "type": "origins:attribute",
        "modifier": {
            "name": "Max health increase",
            "attribute": "minecraft:generic.attack_speed",
            "value": -0.2,
            "operation": "multiply_total"
        }
    },
    "name": "oni Physique",
	"description": "You are slightly larger and wider than humans, as well as having an additional heart of health. However, your attacks are a bit more sluggish than others in return."
}