{
    "type": "origins:multiple",
    "missinghealthbuff1": {
        "type": "origins:conditioned_attribute",
            "modifiers": [
                {
                    "name": "damage increase",
                    "attribute": "minecraft:generic.attack_damage",
                    "value": 1,
                    "operation": "addition"
                },
                {      
                    "name": "attackspeed increase",
                    "attribute": "minecraft:generic.attack_speed",
                    "value": 0.1,
                    "operation": "multiply_total"
                },
                {      
                    "name": "movespeed increase",
                    "attribute": "minecraft:generic.movement_speed",
                    "value": 0.05,
                    "operation": "multiply_total"
                }
            ],
        "condition": {
            "type": "origins:and",
            "conditions": [
                {
                    "type": "origins:health",
                    "comparison": "<=",
                    "compare_to": 18
                },
                {      
                    "type": "origins:health",
                    "comparison": ">=",
                    "compare_to": 15
                }
            ]
        }
    },
    "missinghealthbuff2": {
        "type": "origins:conditioned_attribute",
            "modifiers": [
                {
                    "name": "damage increase",
                    "attribute": "minecraft:generic.attack_damage",
                    "value": 2,
                    "operation": "addition"
                },
                {      
                    "name": "attackspeed increase",
                    "attribute": "minecraft:generic.attack_speed",
                    "value": 0.2,
                    "operation": "multiply_total"
                },
                {      
                    "name": "movespeed increase",
                    "attribute": "minecraft:generic.movement_speed",
                    "value": 0.1,
                    "operation": "multiply_total"
                }
            ],
        "condition": {
            "type": "origins:and",
            "conditions": [
                {
                    "type": "origins:health",
                    "comparison": "<=",
                    "compare_to": 14
                },
                {      
                    "type": "origins:health",
                    "comparison": ">=",
                    "compare_to": 11
                }
            ]
        }
    },
    "missinghealthbuff3": {
        "type": "origins:conditioned_attribute",
            "modifiers": [
                {
                    "name": "damage increase",
                    "attribute": "minecraft:generic.attack_damage",
                    "value": 3,
                    "operation": "addition"
                },
                {      
                    "name": "attackspeed increase",
                    "attribute": "minecraft:generic.attack_speed",
                    "value": 0.3,
                    "operation": "multiply_total"
                },
                {      
                    "name": "movespeed increase",
                    "attribute": "minecraft:generic.movement_speed",
                    "value": 0.15,
                    "operation": "multiply_total"
                }
            ],
        "condition": {
            "type": "origins:and",
            "conditions": [
                {
                    "type": "origins:health",
                    "comparison": "<=",
                    "compare_to": 10
                },
                {      
                    "type": "origins:health",
                    "comparison": ">=",
                    "compare_to": 7
                }
            ]
        }
    },
    "missinghealthbuff4": {
        "type": "origins:conditioned_attribute",
            "modifiers": [
                {
                    "name": "damage increase",
                    "attribute": "minecraft:generic.attack_damage",
                    "value": 4,
                    "operation": "addition"
                },
                {      
                    "name": "attackspeed increase",
                    "attribute": "minecraft:generic.attack_speed",
                    "value": 0.4,
                    "operation": "multiply_total"
                },
                {      
                    "name": "movespeed increase",
                    "attribute": "minecraft:generic.movement_speed",
                    "value": 0.2,
                    "operation": "multiply_total"
                }
            ],
        "condition": {
            "type": "origins:and",
            "conditions": [
                {
                    "type": "origins:health",
                    "comparison": "<=",
                    "compare_to": 6
                },
                {      
                    "type": "origins:health",
                    "comparison": ">=",
                    "compare_to": 3
                }
            ]
        }
    },
    "missinghealthbuff5": {
        "type": "origins:conditioned_attribute",
            "modifiers": [
                {
                    "name": "damage increase",
                    "attribute": "minecraft:generic.attack_damage",
                    "value": 5,
                    "operation": "addition"
                },
                {      
                    "name": "attackspeed increase",
                    "attribute": "minecraft:generic.attack_speed",
                    "value": 0.5,
                    "operation": "multiply_total"
                },
                {      
                    "name": "movespeed increase",
                    "attribute": "minecraft:generic.movement_speed",
                    "value": 0.25,
                    "operation": "multiply_total"
                }
            ],
        "condition": {
            "type": "origins:and",
            "conditions": [
                {
                    "type": "origins:health",
                    "comparison": "<=",
                    "compare_to": 2
                },
                {      
                    "type": "origins:health",
                    "comparison": ">=",
                    "compare_to": 1
                }
            ]
        }
    },
    "name": "Blazing Retribution",
	"description": "As your health lowers, your power increases. Gain +1 attack damage, +10% attack speed, and +5% movement speed for every two hearts missing."
}