{
    "name": "Lion",
    "type": "origins:multiple",
    "timer": {
        "type": "origins:resource",
        "min": 0,
        "max": 300,
        "start_value": 300,
        "hud_render": {
            "should_render": false
        },
        "min_action": {
            "type": "origins:and",
            "actions": [
                {
                    "type": "origins:change_resource",
                    "resource": "hypno:playstyle/hephaestus/cherubim/blessings_lion",
                    "change": -1
                },
                {
                    "type": "origins:execute_command",
                    "command": "power remove @s hypno:playstyle/hephaestus/cherubim/multiheaded/lion"
                }
            ]
        }
    },
    "timer_down": {
        "type": "origins:action_over_time",
        "entity_action": {
            "type": "origins:change_resource",
            "resource": "hypno:playstyle/hephaestus/cherubim/multiheaded/lion_timer",
            "change": -10
        },
        "interval": 10
    },
    "mitigation":{
        "type": "origins:modify_damage_taken",
        "modifier": {
            "name": "Less damage",
            "operation": "multiply_total",
            "value": -0.2
        }
    },
    "no_knockback":{
        "type": "origins:attribute",
        "modifier": {
            "name": "no knockybacky uwu",
            "attribute": "minecraft:generic.knockback_resistance",
            "value": 10,
            "operation": "addition"
        }
    },
    "hidden": true
}