{
    "name": "Ox",
    "type": "origins:multiple",
    "timer": {
        "type": "origins:resource",
        "min": 0,
        "max": 300,
        "start_value": 300,
        "hud_render": {
            "should_render": false
        },
        "min_action": {
            "type": "origins:and",
            "actions": [
                {
                    "type": "origins:change_resource",
                    "resource": "hypno:playstyle/hephaestus/cherubim/blessings_ox",
                    "change": -1
                },
                {
                    "type": "origins:execute_command",
                    "command": "power remove @s hypno:playstyle/hephaestus/cherubim/multiheaded/ox"
                }
            ]
        }
    },
    "timer_down": {
        "type": "origins:action_over_time",
        "entity_action": {
            "type": "origins:change_resource",
            "resource": "hypno:playstyle/hephaestus/cherubim/multiheaded/ox_timer",
            "change": -10
        },
        "interval": 10
    },
    "move": {
        "type": "origins:action_over_time",
        "entity_action": {
            "type": "origins:and",
            "actions": [{
                    "type": "origins:add_velocity",
                    "z": 1.5,
                    "space": "local_horizontal_normalized",
                    "set": true
                },
                {
                    "type": "origins:execute_command",
                    "command": "particle minecraft:poof ~ ~ ~ 0.2 0 0.2 0.1 3"
                }
            ]
        },
        "interval": 1,
        "condition": {
            "type": "origins:on_block"
        }
    },
    "hidden": true
}