{
    "name":"Corrupted Kindlings ☄",
    "description":"Killing an entity whilst engulfed will create a Corrupted Kindling. Kindlings will move towards the closest entity and explode on target, dealing fire damage.",
    "type": "origins:multiple",
    "activate": {
        "type": "apugli:action_on_target_death",
        "bientity_action": {
            "type": "origins:and",
            "actions": [
                {
                    "type": "origins:target_action",
                    "action": {
                        "type": "origins:and",
                        "actions": [
                            {
                                "type": "origins:spawn_entity",
                                "entity_type": "minecraft:armor_stand",
                                "tag": "{NoGravity:1b,Silent:1b,Invulnerable:1b,Invisible:1b,DisabledSlots:4144959,ArmorItems:[{},{},{},{id:\"minecraft:player_head\",Count:1b,tag:{SkullOwner:{Id:[I;159580284,-592032342,-2052890761,-1419523739],Properties:{textures:[{Value:\"eyJ0ZXh0dXJlcyI6eyJTS0lOIjp7InVybCI6Imh0dHA6Ly90ZXh0dXJlcy5taW5lY3JhZnQubmV0L3RleHR1cmUvYzA0NTAxYjI5MjVkOTE3NTZkY2UzNTJmM2M0M2ZhOTVjOTE1YmY5NTJmNWM4YjgxM2M0Zjg0NmUwZjExZGUzNCJ9fX0=\"}]}}}}]}",
                                "entity_action":
                                {
                                    "type": "origins:and",
                                    "actions": [
                                        {
                                            "type": "origins:execute_command",
                                            "command": "power grant @s hypno:playstyle/zeus/ifrit/fire_spirit"
                                        },
                                        {
                                            "type": "origins:execute_command",
                                            "command": "tag @s add fire_spirit"
                                        },
                                        {
                                            "type": "origins:execute_command",
                                            "command": "tag @s add ifrit"
                                        }
                                    ]
                                }
                            },
                            {
                                "type": "origins:execute_command",
                                "command": "particle minecraft:dust_color_transition 1 0 0 1 0.9 0.8 0 ~ ~1 ~ 0.5 0.5 0.5 1 40"
                            },
                            {
                                "type": "origins:execute_command",
                                "command": "particle minecraft:flame ~ ~1 ~ 0.5 0.5 0.5 0.2 40"
                            },
                            {
                                "type": "origins:execute_command",
                                "command": "particle minecraft:small_flame ~ ~1 ~ 0.5 0.5 0.5 0 40"
                            },
                            {
                                "type": "origins:execute_command",
                                "command": "playsound minecraft:block.lava.pop player @a ~ ~ ~ 2 0.5"
                            },
                            {
                                "type":"origins:delay",
                                "ticks":1,
                                "action":{
                                "type": "origins:execute_command",
                                "command": "execute as @e[limit=1,sort=nearest,tag=fire_spirit] store result score @s corrupted run data get entity @p[tag=ifrit_spirit] UUID[0] 1"
                                }
                            }
                        ]
                    }
                },
                {
                    "type": "origins:actor_action",
                    "action": {
                        "type": "origins:and",
                        "actions": [
                            {
                                "type": "origins:execute_command",
                                "command": "tag @s add ifrit"
                            },
                            {
                                "type": "origins:execute_command",
                                "command": "tag @s add ifrit_spirit"
                            },
                            {
                                "type": "origins:execute_command",
                                "command": "execute store result score @s corrupted run data get entity @s UUID[0] 1"
                            },
                            {
                                "type":"origins:delay",
                                "ticks":2,
                                "action":{
                                "type": "origins:execute_command",
                                "command": "tag @s remove ifrit_spirit"
                                }
                            }
                        ]
                    }
                }
            ]
        },
        "cooldown": 200,
        "condition": {
            "type": "origins:power_active",
            "power": "hypno:playstyle/zeus/ifrit/engulfed_toggle",
            "inverted": false
        },
        "hud_render": {
            "should_render": false
        },
        "includes_prime_adversary": false
    },
    "hidden": false
}