{
    "name": "Engulfed 🔥",
    "description": "Pressing [PRIMARY ABILITY KEY] will engulf oneself in hellfire. This will allow the user to create Corrupted Kindlings and use most of their abilities. Whilst engulfed, speed will increase whilst speeding, up to 250% speed. At maximum speed, you will deal massive knockback on hit and be granted the ability to run on lava. Additionally, being engulfed allows the user to light up furnaces and brewing stands around by clicking a fire block.",
    "type": "origins:multiple",
    "toggle": {
        "type": "origins:toggle",
        "active_by_default": false,
        "retain_state": false,
        "key": {
            "key": "key.origins.primary_active"
        },
        "condition": {
            "type": "origins:and",
            "conditions": [
                {
                    "type": "origins:resource",
                    "resource": "hypno:playstyle/zeus/ifrit/engulfed_energy",
                    "comparison": ">",
                    "compare_to": 0
                }
            ]
        }
    },
    "fire_overlay": {
        "type": "origins:overlay",
        "texture": "minecraft:textures/block/red_glazed_terracotta.png",
        "strength": 0.4,
        "red": 1.0,
        "green": 0.7,
        "blue": 0.3,
        "draw_mode": "texture",
        "draw_phase": "below_hud",
        "hide_with_hud": false,
        "visible_in_third_person": true,
        "condition": {
            "type": "origins:power_active",
            "power": "hypno:playstyle/zeus/ifrit/engulfed_toggle",
            "inverted": false
        }
    },
    "energy": {
        "type": "origins:resource",
        "min": 0,
        "max": 900,
        "start_value": 900,
        "hud_render": {
            "sprite_location": "origins:textures/gui/community/huang/resource_bar_02.png",
            "bar_index": 15
        },
        "min_action": {
            "type": "origins:execute_command",
            "command": "power grant @s hypno:playstyle/zeus/ifrit/extinguished"
        }
    },
    "energy_down": {
        "type": "origins:action_over_time",
        "entity_action": {
            "type": "origins:change_resource",
            "resource": "hypno:playstyle/zeus/ifrit/engulfed_energy",
            "change": -10
        },
        "rising_action": {
            "type": "origins:and",
            "actions": [
                {
                    "type": "origins:execute_command",
                    "command": "particle minecraft:flame ~ ~ ~ 0.1 0 0.1 0.01 20"
                },
                {
                    "type": "origins:execute_command",
                    "command": "particle minecraft:dust_color_transition 0 0 0 1.3 1 0.5 0 ~ ~1 ~ 0.4 0 0.4 0.1 100"
                },
                {
                    "type": "origins:execute_command",
                    "command": "playsound minecraft:item.bottle.fill_dragonbreath player @a ~ ~ ~ 1 0.5"
                },
                {
                    "type": "origins:execute_command",
                    "command": "playsound simplyswords:dark_sword_unfold player @a[distance=..16] ~ ~ ~ 1 0.5"
                }
            ]
        },
        "interval": 10,
        "condition": {
            "type": "origins:power_active",
            "power": "hypno:playstyle/zeus/ifrit/engulfed_toggle",
            "inverted": false
        }
    },
    "energy_up": {
        "type": "origins:action_over_time",
        "entity_action": {
            "type": "origins:change_resource",
            "resource": "hypno:playstyle/zeus/ifrit/engulfed_energy",
            "change": 10
        },
        "rising_action": {
            "type": "origins:and",
            "actions": [
                {
                    "type": "origins:execute_command",
                    "command": "particle minecraft:ash ~ ~ ~ 0.1 0 0.1 0.01 20"
                },
                {
                    "type": "origins:execute_command",
                    "command": "particle minecraft:dust_color_transition 1 0.5 0 1.3 0 0 0 ~ ~1 ~ 0.4 0 0.4 0.1 100"
                },
                {
                    "type": "origins:execute_command",
                    "command": "playsound minecraft:item.bottle.fill_dragonbreath player @a ~ ~ ~ 1 1"
                },
                {
                    "type": "origins:execute_command",
                    "command": "playsound simplyswords:dark_sword_unfold player @a[distance=..16] ~ ~ ~ 1 1"
                }
            ]
        },
        "interval": 10,
        "condition": {
            "type": "origins:power_active",
            "power": "hypno:playstyle/zeus/ifrit/engulfed_toggle",
            "inverted": true
        }
    },
    "dash": {
        "type": "origins:resource",
        "min": 0,
        "max": 10,
        "start_value": 0,
        "hud_render": {
            "should_render": false
        }
    },
    "dash_up": {
        "type": "origins:action_over_time",
        "entity_action": {
            "type": "origins:change_resource",
            "resource": "hypno:playstyle/zeus/ifrit/engulfed_dash",
            "change": 1
        },
        "interval": 15,
        "condition": {
            "type": "origins:and",
            "conditions": [
                {
                    "type": "origins:power_active",
                    "power": "hypno:playstyle/zeus/ifrit/engulfed_toggle",
                    "inverted": false
                },
                {
                    "type": "origins:sprinting"
                },
                {
                    "type": "origins:moving"
                },
                {
                    "type": "origins:on_block"
                }
            ]
        }
    },
    "dash_down": {
        "type": "origins:action_over_time",
        "entity_action": {
            "type": "origins:change_resource",
            "resource": "hypno:playstyle/zeus/ifrit/engulfed_dash",
            "change": -1
        },
        "interval": 5,
        "condition": {
            "type": "origins:or",
            "conditions": [
                {
                    "type": "origins:power_active",
                    "power": "hypno:playstyle/zeus/ifrit/engulfed_toggle",
                    "inverted": true
                },
                {
                    "type": "origins:sprinting",
                    "inverted": true
                },
                {
                    "type": "origins:moving",
                    "inverted": true
                }
            ]
        }
    },
    "speed1": {
        "type": "origins:conditioned_attribute",
        "modifier": {
            "name": "Walk speed increase",
            "attribute": "minecraft:generic.movement_speed",
            "value": 0.15,
            "operation": "multiply_total"
        },
        "condition": {
            "type": "origins:resource",
            "resource": "hypno:playstyle/zeus/ifrit/engulfed_dash",
            "comparison": "==",
            "compare_to": 1
        }
    },
    "speed2": {
        "type": "origins:conditioned_attribute",
        "modifier": {
            "name": "Walk speed increase",
            "attribute": "minecraft:generic.movement_speed",
            "value": 0.3,
            "operation": "multiply_total"
        },
        "condition": {
            "type": "origins:resource",
            "resource": "hypno:playstyle/zeus/ifrit/engulfed_dash",
            "comparison": "==",
            "compare_to": 2
        }
    },
    "speed3": {
        "type": "origins:conditioned_attribute",
        "modifier": {
            "name": "Walk speed increase",
            "attribute": "minecraft:generic.movement_speed",
            "value": 0.45,
            "operation": "multiply_total"
        },
        "condition": {
            "type": "origins:resource",
            "resource": "hypno:playstyle/zeus/ifrit/engulfed_dash",
            "comparison": "==",
            "compare_to": 3
        }
    },
    "speed4": {
        "type": "origins:conditioned_attribute",
        "modifier": {
            "name": "Walk speed increase",
            "attribute": "minecraft:generic.movement_speed",
            "value": 0.6,
            "operation": "multiply_total"
        },
        "condition": {
            "type": "origins:resource",
            "resource": "hypno:playstyle/zeus/ifrit/engulfed_dash",
            "comparison": "==",
            "compare_to": 4
        }
    },
    "speed5": {
        "type": "origins:conditioned_attribute",
        "modifier": {
            "name": "Walk speed increase",
            "attribute": "minecraft:generic.movement_speed",
            "value": 0.75,
            "operation": "multiply_total"
        },
        "condition": {
            "type": "origins:resource",
            "resource": "hypno:playstyle/zeus/ifrit/engulfed_dash",
            "comparison": "==",
            "compare_to": 5
        }
    },
    "speed6": {
        "type": "origins:conditioned_attribute",
        "modifier": {
            "name": "Walk speed increase",
            "attribute": "minecraft:generic.movement_speed",
            "value": 0.9,
            "operation": "multiply_total"
        },
        "condition": {
            "type": "origins:resource",
            "resource": "hypno:playstyle/zeus/ifrit/engulfed_dash",
            "comparison": "==",
            "compare_to": 6
        }
    },
    "speed7": {
        "type": "origins:conditioned_attribute",
        "modifier": {
            "name": "Walk speed increase",
            "attribute": "minecraft:generic.movement_speed",
            "value": 1.05,
            "operation": "multiply_total"
        },
        "condition": {
            "type": "origins:resource",
            "resource": "hypno:playstyle/zeus/ifrit/engulfed_dash",
            "comparison": "==",
            "compare_to": 7
        }
    },
    "speed8": {
        "type": "origins:conditioned_attribute",
        "modifier": {
            "name": "Walk speed increase",
            "attribute": "minecraft:generic.movement_speed",
            "value": 1.2,
            "operation": "multiply_total"
        },
        "condition": {
            "type": "origins:resource",
            "resource": "hypno:playstyle/zeus/ifrit/engulfed_dash",
            "comparison": "==",
            "compare_to": 8
        }
    },
    "speed9": {
        "type": "origins:conditioned_attribute",
        "modifier": {
            "name": "Walk speed increase",
            "attribute": "minecraft:generic.movement_speed",
            "value": 1.35,
            "operation": "multiply_total"
        },
        "condition": {
            "type": "origins:resource",
            "resource": "hypno:playstyle/zeus/ifrit/engulfed_dash",
            "comparison": "==",
            "compare_to": 9
        }
    },
    "speed10": {
        "type": "origins:conditioned_attribute",
        "modifier": {
            "name": "Walk speed increase",
            "attribute": "minecraft:generic.movement_speed",
            "value": 1.5,
            "operation": "multiply_total"
        },
        "condition": {
            "type": "origins:resource",
            "resource": "hypno:playstyle/zeus/ifrit/engulfed_dash",
            "comparison": "==",
            "compare_to": 10
        }
    },
    "particles": {
        "type": "origins:action_over_time",
        "entity_action": {
            "type": "origins:execute_command",
            "command": "particle minecraft:flame ~ ~ ~ 0.1 0 0.1 0.01 20"
        },
        "interval": 1,
        "condition": {
            "type": "origins:and",
            "conditions": [
                {
                    "type": "origins:power_active",
                    "power": "hypno:playstyle/zeus/ifrit/engulfed_toggle",
                    "inverted": false
                },
                {
                    "type": "origins:on_block"
                },
                {
                    "type": "origins:resource",
                    "resource": "hypno:playstyle/zeus/ifrit/engulfed_dash",
                    "comparison": "==",
                    "compare_to": 10
                }
            ]
        }
    },
    "color": {
        "type": "origins:model_color",
        "red": 1.0,
        "green": 0,
        "blue": 0,
        "alpha": 1,
        "condition": {
            "type": "origins:power_active",
            "power": "hypno:playstyle/zeus/ifrit/engulfed_toggle",
            "inverted": false
        }
    },
    "lavarun": {
        "type": "origins:walk_on_fluid",
        "fluid": "minecraft:lava",
        "condition": {
            "type": "origins:resource",
            "resource": "hypno:playstyle/zeus/ifrit/engulfed_dash",
            "comparison": "==",
            "compare_to": 10
        }
    },
    "firestun": {
        "type": "origins:action_on_hit",
        "bientity_action": {
            "type": "origins:and",
            "actions": [
                {
                    "type": "origins:actor_action",
                    "action": {
                        "type": "origins:and",
                        "actions": [
                            {
                                "type": "origins:add_velocity",
                                "x": 0,
                                "z": 0,
                                "y": 0,
                                "space": "local_horizontal",
                                "set": true
                            },
                            {
                                "type": "origins:change_resource",
                                "resource": "hypno:playstyle/zeus/ifrit/engulfed_dash",
                                "change": -10
                            }
                        ]
                    }
                },
                {
                    "type": "origins:target_action",
                    "action": {
                        "type": "origins:and",
                        "actions": [
                            {
                                "type": "origins:add_velocity",
                                "z": -4.5,
                                "y": 0.5,
                                "space": "local_horizontal"
                            },
                            {
                                "type": "origins:execute_command",
                                "command": "power grant @s hypno:playstyle/zeus/ifrit/hellfire"
                            }
                        ]
                    }
                }
            ]
        },
        "cooldown": 1,
        "hud_render": {
            "should_render": false
        },
        "condition": {
            "type": "origins:resource",
            "resource": "hypno:playstyle/zeus/ifrit/engulfed_dash",
            "comparison": "==",
            "compare_to": 10
        }
    },
    "lightup": {
        "type": "origins:action_on_block_use",
        "block_action": {
            "type": "eggolib:area_of_effect",
            "radius": 7,
            "shape": "sphere",
            "block_action": {
                "type": "apugli:light_up",
                "burn_time": 1200,
                "brew_time": 10,
                "light_campfire": true,
                "particle": "minecraft:flame",
                "particle_count": 15,
                "sound": "minecraft:entity.ghast.shoot"
            }
        },
        "entity_action": {
            "type": "origins:change_resource",
            "resource": "hypno:playstyle/zeus/ifrit/engulfed_energy",
            "change": -300
        },
        "block_condition": {
            "type": "origins:block",
            "block": "minecraft:fire"
        },
        "condition": {
            "type": "origins:and",
            "conditions": [
                {
                    "type": "origins:resource",
                    "resource": "hypno:playstyle/zeus/ifrit/engulfed_energy",
                    "comparison": ">=",
                    "compare_to": 300
                },
                {
                    "type": "origins:power_active",
                    "power": "hypno:playstyle/zeus/ifrit/engulfed_toggle",
                    "inverted": false
                }
            ]
        }
    }
}