{
    "type": "origins:multiple",
    "pickup": {
        "type": "eggolib:action_on_item_pickup",
        "item_action": {
            "type": "origins:consume",
            "amount": 1
        },
        "bientity_action": {
            "type": "apoli:target_action",
            "action": {
                "type":"origins:and",
                "actions":[{
                    "type": "origins:execute_command",
                    "command": "scoreboard players add @s souls_currency 1"
                  },
                  {
                    "type": "origins:delay",
                    "ticks": 1,
                    "action": {
                        "type": "origins:execute_command",
                        "command": "function hypno:soul_gain"
                    }
                }
            ]
        }
        },
        "item_condition":  {
            "type": "origins:nbt",
            "nbt": "{Tags:[\"soul_currency\"]}"
        }
    }
}