{
    "display": {
        "title": {
            "text": "bonlo.",
            "color": "white"
        },
        "description": {
            "text": "bonlo?"
        },
        "icon": {
            "item": "minecraft:diamond",
            "nbt": "{CustomModelData:6}"
        },
        "frame": "task",
        "show_toast": true,
        "announce_to_chat": false,
        "hidden": true,
        "background": "minecraft:textures/block/sea_lantern.png"
    },
    "criteria": {
        "bonlo": {
            "trigger": "minecraft:impossible"
        }
    }
}