{
	"powers": [
		"hypno:playstyle/zeus/hecates/witch",
		"hypno:playstyle/zeus/hecates/spellbook",
		"hypno:playstyle/zeus/hecates/stars",
		"hypno:playstyle/zeus/hecates/spells/magic_missile",
		"hypno:playstyle/zeus/hecates/spells/teleport",
		"hypno:playstyle/zeus/hecates/spells/invert_gravity",
		"hypno:playstyle/zeus/hecates/spells/meteor",
		"hypno:playstyle/zeus/hecates/spells/ice"
	],
	"icon": {
		"item": "minecraft:diamond",
		"tag": "{CustomModelData:11,Enchantments:[{}],\"enchant_the_rainbow:GlintColor\":10}"
	},
	"order": 4,
	"impact": 2,
	"name": "Hecatean",
	"description": "A cult of witches that have dedicated themselves to the moonlight, acquiring the ability to manipulate magic to their deeds."
}