{
	"powers": [
		"hypno:playstyle/zeus/raiju/absorb",
		"hypno:playstyle/zeus/raiju/stormfield",
		"hypno:playstyle/zeus/raiju/lightning_fast",
		"hypno:playstyle/zeus/raiju/lightning_orb",
		"hypno:playstyle/zeus/raiju/energetic",
		"hypno:playstyle/zeus/raiju/armor",
		"hypno:playstyle/zeus/raiju/carnivore"
	],
	"icon": {
		"item": "minecraft:diamond",
		"tag": "{CustomModelData:2,Enchantments:[{}],\"enchant_the_rainbow:GlintColor\":9}"
	},
	"order": 1,
	"impact": 0,
	"name": "Raiju",
	"description": "A beast of thunderous energy, it's own presence is said to attract the bad weather; and it's roar, to be as powerful as the strike of lighting."
}