{
    "type": "origins:multiple",
    "leap":{
        "type": "origins:action_over_time",
        "entity_action": {
            "type": "origins:area_of_effect",
            "radius": 1.5,
            "bientity_action": {
                "type": "origins:target_action",
                "action": {
                    "type":"origins:and",
                    "actions":[{
                        "type": "moborigins:jump"
                      }, 
                        {
                        "type": "origins:execute_command",
                        "command": "execute anchored eyes facing -158.5 81.5 -101.00 run tp @s ~ ~ ~ ~ ~"
                    }, 
                    {
                        "type": "origins:add_velocity",
                        "z": -15,
                        "y": 1.4,
                        "space":"world",
                        "set": true
                    },
                    {
                        "type": "origins:execute_command",
                        "command": "power grant @s hypno:teleports/pantheon_particles"
                    },
                    {
                        "type": "origins:execute_command",
                        "command": "playsound minecraft:entity.evoker.cast_spell player @s ~ ~ ~ 2 1.6"
                    }
                    ]
            }
            },
            "bientity_condition": {
                "type": "origins:target_condition",
                "condition": {
                    "type": "origins:entity_type",
                    "entity_type": "minecraft:player"
                }
            }
        },
        "interval": 5
    },
    "invisibility":{
        "type": "origins:invisibility",
        "render_armor": false
    },
    "particles":{
        "type": "origins:action_over_time",
        "entity_action": {
            "type":"origins:and",
            "actions":[
          {
            "type": "origins:execute_command",
            "command": "particle supplementaries:rotation_trail_emitter ~ ~ ~ 0 0 0 1 4"
          }
        ]
        },
        "interval": 15
    },
    "hidden": true
}