{
    "type":"origins:multiple",

    "particles":{
    "type": "origins:action_over_time",
    "entity_action": {
        "type":"origins:and",
        "actions":[{
        "type": "origins:execute_command",
        "command": "particle minecraft:dust 1 1 0 1 ~ ~ ~ 0.3 0 0.3 0.1 30"
      },
      {
        "type": "origins:execute_command",
        "command": "particle supplementaries:rotation_trail ~ ~ ~ 0.3 0 0.3 0.1 30"
      }
    ]
    },
    "interval": 5
},
"invulnerable": {
    "type": "origins:invulnerability",
    "damage_condition": {
        "type": "origins:name",
        "name": "fall"
    }
},
"land":
{
    "type": "origins:action_on_land",
    "entity_action": {
        "type": "origins:and",
        "actions": [
            {
                "type":"origins:delay",
                "ticks":1,
                "action":
                {
                "type": "origins:execute_command",
                "command": "power remove @s hypno:teleports/pantheon_particles"
                }
        }
        ]
    }  
},
"no_mouse_moving":
{
    "type": "eggolib:modify_mouse_sensitivity",
    "modifier": {
        "operation": "multiply_total",
        "value": -1
    }
},
"air_speed":
{
    "type": "origins:modify_air_speed",
    "modifier": {
        "operation": "multiply_total",
        "value": -1
    }
},
"hidden": true
}