{
    "type": "origins:multiple",
    "use":{
        "type": "origins:action_on_being_used",
        "bientity_action": {
            "type": "origins:actor_action",
            "action": {
                "type": "origins:and",
                  "actions": [
                  {             
                    "type": "origins:execute_command",
                    "command": "particle supplementaries:stasis ~ ~1 ~ 0.3 0.7 0.3 0.1 100"
                },
                {
                    "type":"origins:delay",
                    "ticks":1,
                    "action":
                    {
                        "type": "origins:and",
                        "actions": [{
                        "type": "origins:execute_command",
                        "command": "execute in hypno:island run tp @s -204 -14 97"
                    }
                    ]
                    }
                },
                {
                    "type":"origins:delay",
                    "ticks":2,
                    "action":
                    {
                        "type": "origins:and",
                        "actions": [{             
                            "type": "origins:execute_command",
                            "command": "particle supplementaries:stasis ~ ~1 ~ 0.3 0.7 0.3 0.1 100"
                        },
                        {             
                            "type": "origins:execute_command",
                            "command": "playsound minecraft:entity.enderman.teleport player @s ~ ~ ~ 1 2"
                        },
                        {
                            "type": "origins:execute_command",
                            "command": "power grant @s hypno:olympus/atmosphere"
                        }
                    ]
                    }
                },
                {
                    "type":"origins:delay",
                    "ticks":3,
                    "action":
                    {
                        "type": "origins:and",
                        "actions": [{
                        "type": "origins:execute_command",
                        "command": "power remove @s hypno:teleports/to_mount_olympus"
                    }
                    ]
                    }
                }
                ]
              }
        },
        "hands": [
            "main_hand"
        ]
    },
    "invisibility":{
        "type": "origins:invisibility",
        "render_armor": false
    },
    "hidden": true
}