{
	"powers": [
		"hypno:playstyle/hephaestus/tanuki/hurry",
		"hypno:playstyle/hephaestus/tanuki/lucky",
		"hypno:playstyle/hephaestus/tanuki/fluff",
		"hypno:playstyle/hephaestus/tanuki/shapeshift",
		"hypno:playstyle/hephaestus/tanuki/identity",
		"hypno:playstyle/hephaestus/tanuki/bag",
		"hypno:playstyle/hephaestus/tanuki/sweettooth"
	],
	"icon": {
		"item": "minecraft:chest"
	},
	"order": 1,
	"impact": 0,
	"name": "Tanuki",
	"description": "A japanese trickster, this yokai always makes a fool of others... and themselves."
}