{
    "name":"Bird Talons",
    "description":"With such legs, wearing leggings and boots is out of the idea.",
    "type": "origins:multiple",
    "restrict":{
        "type": "origins:restrict_armor",
        "legs": {
            "type": "origins:armor_value",
            "comparison": ">",
            "compare_to": 0
        },
        "feet": {
            "type": "origins:armor_value",
            "comparison": ">",
            "compare_to": 0
        }
    },
    "hidden": false
}