{
    "name": "Winged",
    "description": "You are infused. You are fire resistant and able to use new abilities.",
    "type": "origins:multiple",
    "wings": {
        "type": "origins:elytra_flight",
        "render_elytra": true,
        "texture_location": "horigins:kinnara.png"
    },
    "rideable": {
        "type": "origins:action_on_being_used",
        "bientity_action": {
            "type": "origins:mount"
        },
        "bientity_condition": {
            "type": "origins:and",
            "conditions": [
                {
                    "type": "origins:actor_condition",
                    "condition": {
                        "type": "origins:and",
                        "conditions": [
                            {
                                "type": "origins:in_tag",
                                "tag": "hypno:living"
                            },
                            {
                                "type": "origins:riding",
                                "inverted": true
                            }
                        ]
                    }
                },
                {
                    "type": "origins:target_condition",
                    "condition": {
                        "type": "origins:and",
                        "conditions": [
                            {
                                "type": "origins:in_tag",
                                "tag": "hypno:living"
                            },
                            {
                                "type": "origins:passenger",
                                "inverted": true
                            },
                            {
                                "type": "origins:sneaking"
                            }
                        ]
                    }
                }
            ]
        }
    },
    "dismount_resource": {
        "type": "origins:resource",
        "min": 0,
        "max": 30,
        "start_value": 30,
        "hud_render": {
            "should_render": false
        },
        "min_action": {
            "type": "origins:and",
            "actions": [
                {
                    "type": "origins:passenger_action",
                    "action": {
                        "type": "origins:dismount"
                    },
                    "recursive": false
                },
                {
                    "type": "origins:change_resource",
                    "resource": "hypno:playstyle/hermes/kinnara/winged_dismount_resource",
                    "change": 30
                }
            ]
        }
    },
    "dismount": {
        "type": "origins:active_self",
        "entity_action": {
            "type": "origins:and",
            "actions": [
                {
                    "type": "origins:change_resource",
                    "resource": "hypno:playstyle/hermes/kinnara/winged_dismount_resource",
                    "change": -1
                }
            ]
        },
        "cooldown": 1,
        "hud_render": {
            "should_render": false
        },
        "key": {
            "key": "key.sneak",
            "continuous": true
        },
        "condition": {
            "type": "origins:passenger"
        }
    },
    "fall_damage":{
        "type": "origins:modify_damage_taken",
        "damage_condition": {
            "type": "origins:from_falling"
        },
        "modifier": {
            "name": "Reduced fall damage.",
            "operation": "multiply_total",
            "value": -0.48
        }
    },
    "hidden": false
}