{
    "name": "Dead.... or are you?",
    "description": "(You're traveling in the land of the dead)",
    "type": "origins:multiple",
    "resource": {
        "type": "origins:resource",
        "min": 0,
        "max": 200,
        "start_value": 200,
        "hud_render": {
            "sprite_location": "horigins:textures/resource_bar02.png",
            "bar_index": 2
        },
        "min_action": {
            "type": "origins:and",
            "actions": [
                {
                    "type": "origins:execute_command",
                    "command": "execute as @e[type=wither_skeleton,tag=souless] if score @s souless = @p souless run tp @p @s"
                },
                {
                    "type": "origins:change_resource",
                    "resource": "hypno:playstyle/ares/yatagarasu/traveler_living_dead",
                    "change": -1
                },
                {
                    "type": "origins:execute_command",
                    "command": "execute as @e[type=wither_skeleton,tag=souless] if score @s souless = @p souless run kill @s"
                },
                {
                    "type": "origins:delay",
                    "ticks": 1,
                    "action": {
                        "type": "origins:execute_command",
                        "command": "power remove @s hypno:playstyle/ares/yatagarasu/dead"
                    }
                }
            ]
        }
    },
    "resource_use": {
        "type": "origins:action_over_time",
        "entity_action": {
            "type": "origins:and",
            "actions": [
                {
                    "type": "origins:change_resource",
                    "resource": "hypno:playstyle/ares/yatagarasu/dead_resource",
                    "change": -1
                }
            ]
        },
        "interval": 1
    },
    "soul_use": {
        "type": "origins:action_over_time",
        "entity_action": {
            "type": "origins:and",
            "actions": [
                {
                    "type": "origins:change_resource",
                    "resource": "hypno:playstyle/ares/yatagarasu/crow_souls",
                    "change": -1
                }
            ]
        },
        "interval": 50
    },
    "mark": {
        "type": "origins:action_on_block_use",
        "block_action": {
            "type": "origins:and",
            "actions": [
                {
                    "type": "origins:execute_command",
                    "command": "summon armor_stand ~ ~1 ~ {NoGravity:1b,Silent:1b,Invulnerable:1b,Marker:1b,Invisible:1b,Tags:[\"marktp\"]}"
                },
                {
                    "type": "origins:execute_command",
                    "command": "playsound simplyswords:magic_bow_shoot_impact_03 player @a[distance=..16] ~ ~ ~ 1 0.5"
                }
            ]
        },
        "entity_action": {
            "type": "origins:and",
            "actions": [
                {
                    "type": "origins:execute_command",
                    "command": "execute store result score @e[limit=1,sort=nearest,tag=marktp] marktp run data get entity @p UUID[0] 1"
                },
                {
                    "type": "origins:execute_command",
                    "command": "execute store result score @s marktp run data get entity @s UUID[0] 1"
                },
                {
                    "type": "origins:execute_command",
                    "command": "execute as @e[type=wither_skeleton,tag=souless] if score @s souless = @p souless run tp @p @s"
                },
                {
                    "type": "origins:change_resource",
                    "resource": "hypno:playstyle/ares/yatagarasu/traveler_living_dead",
                    "change": -1
                },
                {
                    "type": "origins:change_resource",
                    "resource": "hypno:playstyle/ares/yatagarasu/traveler_tp_timer",
                    "change": 40
                },
                {
                    "type": "origins:execute_command",
                    "command": "execute as @e[type=wither_skeleton,tag=souless] if score @s souless = @p souless run kill @s"
                },
                {
                    "type": "origins:delay",
                    "ticks": 1,
                    "action": {
                        "type": "origins:execute_command",
                        "command": "power remove @s hypno:playstyle/ares/yatagarasu/dead"
                    }
                }
            ]
        },
        "directions": [
            "up"
        ]
    },
    "phasing": {
        "type": "origins:phasing",
        "blacklist": true,
        "render_type": "blindness",
        "view_distance": 3,
        "block_condition": {
            "type": "origins:in_tag",
            "tag": "origins:unphasable"
        },
        "phase_down_condition": {
            "type": "origins:and",
            "conditions": [
                {
                    "type": "origins:sneaking"
                }
            ]
        }
    },
    "fog": {
        "type": "moborigins:fog",
        "red": 0,
        "green": 0,
        "blue": 0,
        "start": -1,
        "end": 10
    },
    "darkness": {
        "type": "origins:stacking_status_effect",
        "min_stacks": 0,
        "max_stacks": 5,
        "duration_per_stack": 10,
        "effects": [
            {
                "effect": "minecraft:weakness",
                "is_ambient": true,
                "show_particles": false,
                "show_icon": true
            },
            {
                "effect": "minecraft:darkness",
                "is_ambient": true,
                "show_particles": false,
                "show_icon": true
            }
        ]
    },
    "soul_vision": {
        "type": "origins:action_over_time",
        "entity_action": {
            "type": "origins:and",
            "actions": [
                {
                    "type": "origins:change_resource",
                    "resource": "hypno:playstyle/ares/yatagarasu/dead_resource",
                    "change": -10
                },
                {
                    "type": "origins:execute_command",
                    "command": "particle minecraft:soul ~ ~1 ~ 0.1 0.1 0.1 0 10"
                }
            ]
        },
        "interval": 5,
        "condition": {
            "type": "origins:block_in_radius",
            "block_condition": {
                "type": "origins:or",
                "conditions": [
                    {
                        "type": "origins:block",
                        "block": "minecraft:soul_torch"
                    },
                    {
                        "type": "origins:block",
                        "block": "minecraft:soul_lantern"
                    }
                ]
            },
            "radius": 5,
            "shape": "sphere",
            "comparison": ">=",
            "compare_to": 1
        }
    },
    "overlay": {
        "type": "origins:overlay",
        "texture": "minecraft:textures/block/soul_sand.png",
        "strength": 0.5,
        "red": 0.4,
        "green": 0.4,
        "blue": 1.0,
        "draw_mode": "texture",
        "draw_phase": "below_hud",
        "hide_with_hud": false,
        "visible_in_third_person": true
    },
    "footsteps": {
        "type": "apugli:custom_footstep",
        "muted": true
    },
    "invisibility": {
        "type": "origins:invisibility",
        "render_armor": false,
        "render_outline": false
    },
    "air_speed": {
        "type": "origins:modify_air_speed",
        "modifier": {
            "operation": "multiply_total",
            "value": 0.5
        },
        "condition": {
            "type": "origins:creative_flying"
        }
    },
    "slowed_movement": {
        "type": "origins:modify_velocity",
        "modifier": {
            "value": -0.60,
            "operation": "multiply_total"
        },
        "axes": [
            "x",
            "z"
        ],
        "condition": {
            "type": "origins:block_in_radius",
            "block_condition": {
                "type": "origins:or",
                "conditions": [
                    {
                        "type": "origins:block",
                        "block": "minecraft:soul_torch"
                    },
                    {
                        "type": "origins:block",
                        "block": "minecraft:soul_lantern"
                    }
                ]
            },
            "radius": 5,
            "shape": "sphere",
            "comparison": ">=",
            "compare_to": 1
        }
    },
    "slowed_phasing": {
        "type": "origins:modify_velocity",
        "modifier": {
            "value": -0.50,
            "operation": "multiply_total"
        },
        "axes": [
            "x",
            "y",
            "z"
        ],
        "condition": {
            "type": "origins:in_block",
            "block_condition": {
                "type": "origins:or",
                "conditions": [
                    {
                        "type": "origins:block",
                        "block": "minecraft:air",
                        "inverted": true
                    },
                    {
                        "type": "origins:offset",
                        "condition": {
                            "type": "origins:block",
                            "block": "minecraft:air",
                            "inverted": true
                        },
                        "y": 1
                    }
                ]
            }
        }
    },
    "flying": {
        "type": "origins:creative_flight"
    },
    "no_damage": {
        "type": "origins:modify_damage_dealt",
        "modifier": {
            "name": "No damage",
            "operation": "multiply_total",
            "value": -1
        }
    },
    "no_damage_receive": {
        "type": "origins:modify_damage_taken",
        "modifier": {
            "name": "No damage",
            "operation": "multiply_total",
            "value": -1
        },
        "condition": {
            "type": "origins:in_block",
            "block_condition": {
                "type": "origins:or",
                "conditions": [
                    {
                        "type": "origins:block",
                        "block": "minecraft:soul_sand",
                        "inverted": true
                    },
                    {
                        "type": "origins:offset",
                        "condition": {
                            "type": "origins:block",
                            "block": "minecraft:soul_sand",
                            "inverted": true
                        },
                        "y": 1
                    }
                ]
            }
        }
    },
    "no_entity": {
        "type": "origins:prevent_entity_render",
        "bientity_condition": {
            "type": "origins:and",
            "conditions": [
                {
                    "type": "origins:target_condition",
                    "condition": {
                        "type": "origins:entity_type",
                        "entity_type": "minecraft:allay",
                        "inverted": true
                    }
                }
            ]
        }
    },
    "prevent_entity_use": {
        "type": "origins:prevent_entity_use",
        "bientity_condition": {
            "type": "origins:and",
            "conditions": [
                {
                    "type": "origins:target_condition",
                    "condition": {
                        "type": "origins:entity_type",
                        "entity_type": "minecraft:allay",
                        "inverted": true
                    }
                }
            ]
        }
    },
    "no_used": {
        "type": "origins:prevent_being_used"
    },
    "no_sprint": {
        "type": "origins:prevent_sprinting"
    },
    "no_collision": {
        "type": "origins:prevent_entity_collision"
    },
    "prevent_item_use": {
        "type": "origins:prevent_item_use"
    },
    "mobs_ignore": {
        "type": "apugli:mobs_ignore"
    },
    "shader": {
        "type": "origins:shader",
        "shader": "minecraft:shaders/post/pencil.json",
        "toggleable": false
    },
    "soul_sand": {
        "type": "origins:action_over_time",
        "entity_action": {
            "type": "origins:damage",
            "amount": 4,
            "source": {
                "name": "wither",
                "bypasses_armor": true,
                "unblockable": true
            }
        },
        "interval": 10,
        "condition": {
            "type": "origins:in_block",
            "block_condition": {
                "type": "origins:or",
                "conditions": [
                    {
                        "type": "origins:block",
                        "block": "minecraft:soul_sand"
                    },
                    {
                        "type": "origins:offset",
                        "condition": {
                            "type": "origins:block",
                            "block": "minecraft:soul_sand"
                        },
                        "y": 1
                    }
                ]
            }
        }
    },
    "hidden": false
}