{
    "name": "Reaper.",
    "description": "Whilst holding [PRIMARY ABILITY KEY], you can press [ATTACK] to throw a scythe at the entity you're looking at. The scythe will follow said entity and deal damage once reached. Using the ability whilst the scythe is out will recall it, applying Marked For Death to nearby entities. Enemies marked will grant a soul upon death.",
    "type": "origins:multiple",
    "holding_key": {
        "type": "origins:action_over_time",
        "entity_action": {
            "type": "origins:and",
            "actions": [
                {
                    "type": "origins:execute_command",
                    "command": "particle create:soul ~ ~1 ~ 0.3 0.5 0.3 1 1"
                },
                {
                    "type": "origins:execute_command",
                    "command": "particle minecraft:dust_color_transition 0 1 1 1 0 0 0 ~ ~ ~ 0.3 0.1 0.3 1 10"
                },
                {
                    "type": "origins:execute_command",
                    "command": "playsound minecraft:particle.soul_escape player @s ~ ~ ~ 1"
                }
            ]
        },
        "interval": 4,
        "condition": {
            "type": "apugli:key_pressed",
            "key": {
                "key": "key.origins.primary_active",
                "continuous": true
            }
        }
    },
    "activation": {
        "type": "origins:active_self",
        "entity_action": {
            "type": "origins:and",
            "actions": [
                {
                    "type": "origins:raycast",
                    "distance": 32,
                    "block": true,
                    "entity": true,
                    "shape_type": "visual",
                    "fluid_handling": "none",
                    "bientity_action": {
                        "type": "origins:and",
                        "actions": [
                            {
                                "type": "origins:target_action",
                                "action": {
                                    "type": "origins:and",
                                    "actions": [
                                        {
                                            "type": "origins:execute_command",
                                            "command": "execute store result score @s scythe run data get entity @s UUID[0] 1"
                                        },
                                        {
                                            "type": "origins:execute_command",
                                            "command": "power grant @e[limit=1,sort=nearest] hypno:playstyle/ares/yatagarasu/reaped"
                                        },
                                        {
                                            "type": "origins:execute_command",
                                            "command": "tag @s add scythed"
                                        },
                                        {
                                            "type": "origins:delay",
                                            "ticks": 2,
                                            "action": {
                                                "type": "origins:execute_command",
                                                "command": "tag @s remove scythed"
                                            }
                                        }
                                    ]
                                }
                            },
                            {
                                "type": "origins:actor_action",
                                "action": {
                                    "type": "origins:and",
                                    "actions": [
                                        {
                                            "type": "origins:swing_hand",
                                            "hand": "MAIN_HAND"
                                        },
                                        {
                                            "type": "origins:change_resource",
                                            "resource": "hypno:playstyle/ares/yatagarasu/crow_souls",
                                            "change": -3
                                        },
                                        {
                                            "type": "origins:execute_command",
                                            "command": "execute store result score @s scythe_owner run data get entity @s UUID[0] 1"
                                        },
                                        {
                                            "type": "origins:execute_command",
                                            "command": "summon armor_stand ~ ~ ~ {Invisible:1b,Invulnerable:1b,ShowArms:1b,ArmorItems:[{},{},{},{}],HandItems:[{id:\"simplyswords:netherite_scythe\",Count:1b},{}],Tags:[\"scythe\"],DisabledSlots:2047807,Pose:{RightArm:[0f,0f,90f]}}"
                                        },
                                        {
                                            "type": "origins:execute_command",
                                            "command": "power grant @e[limit=1,sort=nearest,type=minecraft:armor_stand,tag=scythe] hypno:playstyle/ares/yatagarasu/scythe"
                                        },
                                        {
                                            "type": "origins:execute_command",
                                            "command": "playsound simplyswords:dark_sword_unfold player @a[distance=..16] ~ ~ ~ 2 0.8"
                                        },
                                        {
                                            "type": "origins:delay",
                                            "ticks": 1,
                                            "action": {
                                                "type": "origins:execute_command",
                                                "command": "execute as @e[limit=1,sort=nearest,type=armor_stand,tag=scythe] store result score @s scythe run data get entity @e[limit=1,sort=nearest,tag=scythed] UUID[0] 1"
                                            }
                                        },
                                        {
                                            "type": "origins:delay",
                                            "ticks": 1,
                                            "action": {
                                                "type": "origins:execute_command",
                                                "command": "execute store result score @e[limit=1,sort=nearest,type=armor_stand,tag=scythe] scythe_owner run data get entity @s UUID[0] 1"
                                            }
                                        }
                                    ]
                                }
                            }
                        ]
                    },
                    "miss_action": {
                        "type": "origins:change_resource",
                        "resource": "hypno:playstyle/ares/yatagarasu/reaper_activation",
                        "change": 400
                    },
                    "command_at_hit": "particle minecraft:soul ~ ~ ~ 0.3 0.3 0.3 0.01 100 @a",
                    "command_along_ray": "particle minecraft:soul_fire_flame",
                    "command_step": 0.4,
                    "command_along_ray_only_on_hit": true
                }
            ]
        },
        "cooldown": 400,
        "hud_render": {
            "sprite_location": "horigins:textures/resource_bar02.png",
            "bar_index": 0
        },
        "key": {
            "key": "key.attack",
            "continuous": false
        },
        "condition": {
            "type": "origins:and",
            "conditions": [
                {
                    "type": "origins:power",
                    "power": "hypno:playstyle/ares/yatagarasu/dead",
                    "inverted": true
                },
                {
                    "type": "apugli:key_pressed",
                    "key": {
                        "key": "key.origins.primary_active",
                        "continuous": true
                    }
                }
            ]
        }
    },
    "recall": {
        "type": "origins:active_self",
        "entity_action": {
            "type": "origins:if_else",
            "condition": {
                "type": "origins:sneaking"
            },
            "if_action":{
            "type": "origins:and",
            "actions": [
                {
                    "type": "origins:swing_hand",
                    "hand": "MAIN_HAND"
                },
                {
                    "type": "origins:execute_command",
                    "command": "execute as @e[tag=scythe,type=minecraft:armor_stand] if score @s scythe_owner = @p scythe_owner at @s run particle minecraft:sculk_soul ~ ~ ~ 1 0.1 1 0.1 100"
                },
                {
                    "type": "origins:execute_command",
                    "command": "execute as @e[tag=scythe,type=minecraft:armor_stand] if score @s scythe_owner = @p scythe_owner at @s run particle minecraft:sculk_charge 1 ~ ~ ~ 1 0.1 1 0.1 100"
                },
                {
                    "type": "origins:execute_command",
                    "command": "execute as @e[tag=scythe,type=minecraft:armor_stand] if score @s scythe_owner = @p scythe_owner at @s run particle minecraft:dust_color_transition 0 1 1 1 0 0 0 ~ ~ ~ 1 0.1 1 0.1 100"
                },
                {
                    "type": "origins:execute_command",
                    "command": "execute as @e[tag=scythe,type=minecraft:armor_stand] if score @s scythe_owner = @p scythe_owner at @s run power grant @e[distance=..3] hypno:playstyle/ares/yatagarasu/deathmarked"
                },
                {
                    "type": "origins:execute_command",
                    "command": "execute as @e[tag=scythe,type=minecraft:armor_stand] if score @s scythe_owner = @p scythe_owner at @s store result score @e[distance=..3] scythe_owner run scoreboard players get @s scythe_owner"
                },
                {
                    "type": "origins:execute_command",
                    "command": "execute as @e[tag=scythe,type=minecraft:armor_stand] if score @s scythe_owner = @p scythe_owner at @s run playsound simplyswords:dark_sword_attack_with_blood_03 player @a[distance=..16] ~ ~ ~ 1 0.8"
                },
                {
                    "type": "origins:execute_command",
                    "command": "execute as @e[tag=scythe,type=minecraft:armor_stand] if score @s scythe_owner = @p scythe_owner run tp @p @s"
                },
                {
                    "type": "origins:execute_command",
                    "command": "execute as @e[tag=scythe,type=minecraft:armor_stand] if score @s scythe_owner = @p scythe_owner run kill @s"
                }
            ]
        },
        "else_action":{
            "type": "origins:and",
            "actions": [
                {
                    "type": "origins:swing_hand",
                    "hand": "MAIN_HAND"
                },
                {
                    "type": "origins:execute_command",
                    "command": "execute as @e[tag=scythe,type=minecraft:armor_stand] if score @s scythe_owner = @p scythe_owner at @s run particle minecraft:sculk_soul ~ ~ ~ 1 0.1 1 0.1 100"
                },
                {
                    "type": "origins:execute_command",
                    "command": "execute as @e[tag=scythe,type=minecraft:armor_stand] if score @s scythe_owner = @p scythe_owner at @s run particle minecraft:sculk_charge 1 ~ ~ ~ 1 0.1 1 0.1 100"
                },
                {
                    "type": "origins:execute_command",
                    "command": "execute as @e[tag=scythe,type=minecraft:armor_stand] if score @s scythe_owner = @p scythe_owner at @s run particle minecraft:dust_color_transition 0 1 1 1 0 0 0 ~ ~ ~ 1 0.1 1 0.1 100"
                },
                {
                    "type": "origins:execute_command",
                    "command": "execute as @e[tag=scythe,type=minecraft:armor_stand] if score @s scythe_owner = @p scythe_owner at @s run power grant @e[distance=..3] hypno:playstyle/ares/yatagarasu/deathmarked"
                },
                {
                    "type": "origins:execute_command",
                    "command": "execute as @e[tag=scythe,type=minecraft:armor_stand] if score @s scythe_owner = @p scythe_owner at @s store result score @e[distance=..3] scythe_owner run scoreboard players get @s scythe_owner"
                },
                {
                    "type": "origins:execute_command",
                    "command": "execute as @e[tag=scythe,type=minecraft:armor_stand] if score @s scythe_owner = @p scythe_owner at @s run playsound simplyswords:dark_sword_attack_with_blood_03 player @a[distance=..16] ~ ~ ~ 1 0.8"
                },
                {
                    "type": "origins:execute_command",
                    "command": "execute as @e[tag=scythe,type=minecraft:armor_stand] if score @s scythe_owner = @p scythe_owner run kill @s"
                }
            ]
        }
    },
        "cooldown": 10,
        "hud_render": {
            "should_render": false
        },
        "key": {
            "key": "key.attack",
            "continuous": false
        },
        "condition": {
            "type": "origins:and",
            "conditions": [
                {
                    "type": "origins:power",
                    "power": "hypno:playstyle/ares/yatagarasu/dead",
                    "inverted": true
                },
                {
                    "type": "apugli:key_pressed",
                    "key": {
                        "key": "key.origins.primary_active",
                        "continuous": true
                    }
                }
            ]
        }
    },
    "slowdown": {
        "type": "origins:prevent_sprinting",
        "condition": {
            "type": "origins:and",
            "conditions": [
                {
                    "type": "origins:power",
                    "power": "hypno:playstyle/ares/yatagarasu/dead",
                    "inverted": true
                },
                {
                    "type": "apugli:key_pressed",
                    "key": {
                        "key": "key.origins.primary_active",
                        "continuous": true
                    }
                }
            ]
        }
    },
    "slowdown2": {
        "type": "origins:modify_velocity",
        "modifier": {
            "value": -0.6,
            "operation": "multiply_total"
        },
        "axes": [
            "x",
            "z"
        ],
        "condition": {
            "type": "origins:and",
            "conditions": [
                {
                    "type": "origins:power",
                    "power": "hypno:playstyle/ares/yatagarasu/dead",
                    "inverted": true
                },
                {
                    "type": "apugli:key_pressed",
                    "key": {
                        "key": "key.origins.primary_active",
                        "continuous": true
                    }
                }
            ]
        }
    },
    "hidden": false
}