{
    "name": "Scythin",
    "type": "origins:multiple",
    "duration": {
        "type": "origins:resource",
        "min": 0,
        "max": 140,
        "start_value": 140,
        "hud_render": {
            "should_render": false
        },
        "min_action": {
            "type": "origins:execute_command",
            "command": "kill @s"
        }
    },
    "rotating": {
        "type": "origins:action_over_time",
        "entity_action": {
            "type": "origins:and",
            "actions": [
                {
                    "type": "origins:execute_command",
                    "command": "particle minecraft:soul_fire_flame ~ ~1 ~ 0 0 0 0 1"
                },
                {
                    "type": "origins:execute_command",
                    "command": "execute as @s at @s run tp @s ~ ~ ~ ~50 ~"
                },
                {
                    "type": "origins:execute_command",
                    "command": "execute as @s at @s run particle minecraft:soul_fire_flame ^-1.85 ^1.5 ^0.5 0 0 0 0 1"
                },
                {
                    "type": "origins:change_resource",
                    "resource": "hypno:playstyle/ares/yatagarasu/scythe_duration",
                    "change": -1
                },
                {
                    "type": "origins:if_else",
                    "condition": {
                        "type": "origins:collided_horizontally"
                    },
                    "if_action": {
                        "type": "origins:execute_command",
                        "command": "tp @s ~ ~1 ~"
                    }
                },
                {
                    "type": "origins:and",
                    "actions": [
                        {
                            "type": "origins:area_of_effect",
                            "radius": 1.5,
                            "bientity_action": {
                                "type": "origins:and",
                                "actions": [
                                    {
                                        "type": "origins:damage",
                                        "amount": 2,
                                        "source": {
                                            "name": "cramming",
                                            "bypasses_armor": true
                                        }
                                    },
                                    {
                                        "type": "origins:add_velocity",
                                        "z": 0.05
                                    }
                                ]
                            },
                            "bientity_condition": {
                                "type": "origins:and",
                                "conditions": [
                                    {
                                        "type": "eggolib:compare_score",
                                        "actor_objective": "scythe",
                                        "target_objective": "scythe",
                                        "comparison": "=="
                                    },
                                    {
                                        "type": "origins:target_condition",
                                        "condition": {
                                            "type": "origins:and",
                                            "conditions": [
                                                {
                                                    "type": "origins:in_tag",
                                                    "tag": "hypno:living"
                                                }
                                            ]
                                        }
                                    },
                                    {
                                        "type": "origins:actor_condition",
                                        "condition": {
                                            "type": "origins:and",
                                            "conditions": [
                                                {
                                                    "type": "origins:resource",
                                                    "resource": "hypno:playstyle/ares/yatagarasu/scythe_duration",
                                                    "comparison": "<",
                                                    "compare_to": 137
                                                }
                                            ]
                                        }
                                    }
                                ]
                            }
                        }
                    ]
                }
            ]
        },
        "interval": 1
    },
    "soulcollector": {
        "type": "apugli:action_on_target_death",
        "bientity_action": {
            "type":"origins:and",
            "actions":[{
            "type": "origins:actor_action",
            "action": {
                "type": "origins:and",
                "actions": [
                    {
                        "type": "origins:execute_command",
                        "command": "execute as @a if score @s scythe_owner = @e[limit=1,sort=nearest] scythe_owner at @s run resource change @s hypno:playstyle/ares/yatagarasu/crow_souls 1"
                    }
                ]
            }
        }
    ]
    },
        "includes_prime_adversary": false
    },
    "hidden": false
}