{
    "name": "Wither skeleton",
    "type": "origins:multiple",
    "lesser_damage": {
        "type": "origins:modify_damage_taken",
        "modifier": {
            "name": "Nearly Invulnerable",
            "operation": "multiply_total",
            "value": -0.99
        }
    },
    "on_hit": {
        "type": "origins:self_action_when_hit",
        "entity_action": {
            "type": "origins:and",
            "actions": [
                {
                    "type": "origins:execute_command",
                    "command": "execute as @a if score @s souless = @e[limit=1,sort=nearest] souless run tp @s @e[limit=1,sort=nearest]"
                },
                {
                    "type": "origins:execute_command",
                    "command": "execute as @a if score @s souless = @e[limit=1,sort=nearest] souless run resource set @s hypno:playstyle/ares/yatagarasu/traveler_living_dead 0"
                },
                {
                    "type": "origins:execute_command",
                    "command": "execute as @a if score @s souless = @e[limit=1,sort=nearest] souless run power grant @s hypno:playstyle/ares/yatagarasu/forced_back"
                },
                {
                    "type": "origins:execute_command",
                    "command": "execute as @a if score @s souless = @e[limit=1,sort=nearest] souless run power remove @s hypno:playstyle/ares/yatagarasu/dead"
                },
                {
                    "type": "origins:execute_command",
                    "command": "kill @s"
                }
            ]
        },
        "cooldown": 10
    },
    "no_damage": {
        "type": "origins:modify_damage_dealt",
        "modifier": {
            "name": "No damage",
            "operation": "multiply_total",
            "value": -1
        }
    },
    "swirl": {
        "type": "apugli:energy_swirl",
        "texture_location": "minecraft:textures/block/soul_sand.png",
        "speed": 0.01
    },
    "particle": {
        "type": "origins:particle",
        "particle": "minecraft:soul",
        "frequency": 2
    },
    "phasing":
    {
        "type": "origins:phasing",
        "blacklist": true,
        "render_type": "blindness",
        "view_distance": 0,
        "block_condition": {
            "type": "origins:in_tag",
            "tag": "origins:unphasable"
        }
    },
    "hidden": false
}