{
	"powers": [
        "hypno:playstyle/ares/yatagarasu/traveler",
        "hypno:playstyle/ares/yatagarasu/reaper",
		"hypno:playstyle/ares/yatagarasu/crow",
		"hypno:playstyle/ares/yatagarasu/souleater"
	],
	"icon": {
		"item": "minecraft:diamond",
		"tag": "{CustomModelData:8,Enchantments:[{}],\"enchant_the_rainbow:GlintColor\":2}"
	},
	"order": 1,
	"impact": 0,
	"name": "Yatagarasu",
	"description": "A crow spirit bound to live inside of a soulless human body, they use their special living condition to interact with the plane of the dead and the living."
}