{ 
"name":"Feather",
"type": "origins:multiple",
"timer":
    {
        "type": "origins:resource",
        "min": 0,
        "max": 10,
        "start_value": 10,
        "hud_render": {
            "should_render": false
        },
        "min_action":{
            "type":"origins:and",
            "actions":[
        {
            "type": "origins:execute_command",
            "command": "power remove @s hypno:playstyle/aeolus/phoenix/feather_interaction"
        }
    ]
  }
},
    "timer_down":{
        "type": "origins:action_over_time",
        "entity_action": {
            "type": "origins:change_resource",
            "resource": "hypno:playstyle/aeolus/phoenix/feather_interaction_timer",
            "change": -1
        },
        "interval": 1
    },
    "interact":{
        "type": "origins:action_on_entity_use",
        "bientity_action": { 
            "type": "origins:and",
            "actions": [
            {
                "type": "origins:actor_action",
                "action": {
                    "type": "origins:and",
                    "actions": [
                    {
                        "type": "origins:execute_command",
                        "command": "power grant @s hypno:playstyle/aeolus/phoenix/transcendant"
                    },
                    {
                        "type": "origins:execute_command",
                        "command": "particle minecraft:flame ~ ~1.2 ~ 0.1 0 0.1 0.3 30"
                    },
                    {
                        "type": "origins:execute_command",
                        "command": "particle minecraft:lava ~ ~1 ~ 0.1 0 0.1 0.1 5"
                    },
                    {
                        "type": "origins:execute_command",
                        "command": "particle supplementaries:ash ~ ~1 ~ 0.1 0 0.1 0.1 10"
                    },
                    {
                        "type":"origins:delay",
                        "ticks":1,
                        "action":{
                        "type": "origins:execute_command",
                        "command": "execute store result score @s feather run data get entity @e[limit=1,sort=nearest,tag=feather] UUID[0] 1"
                        }
                    }
                ]
            }
            },
            {
            "type": "origins:target_action",
            "action": {
                "type": "origins:and",
                "actions": [{
                        "type": "origins:execute_command",
                        "command": "summon armor_stand ~ ~ ~ {NoGravity:1b,Silent:1b,Invulnerable:1b,Marker:1b,Invisible:1b,NoBasePlate:1b,Tags:[\"fierytp\"]}"
                    },
                    {
                        "type": "origins:execute_command",
                        "command": "tag @s add feather"
                    },
                    {
                        "type": "origins:execute_command",
                        "command": "forceload add ~ ~ ~ ~ "
                    },
                    {
                        "type": "origins:execute_command",
                        "command": "kill @e[limit=1,sort=nearest,tag=fieryfeather,type=item]"
                    },
                    {
                        "type": "origins:execute_command",
                        "command": "playsound simplyswords:elemental_bow_holy_shoot_impact_02 player @a[distance=..16] ~ ~ ~ 1 0.5"
                    },
                    {
                        "type":"origins:delay",
                        "ticks":1,
                        "action":{
                            "type": "origins:execute_command",
                            "command": "execute store result score @e[limit=1,sort=nearest,type=armor_stand,tag=fierytp] feather run data get entity @s UUID[0] 1"
                        }
                    },
                    {
                        "type":"origins:delay",
                        "ticks":2,
                        "action":{
                        "type": "origins:execute_command",
                        "command": "kill @s"
                    }
                    }
                ]
            }
            }
            ]
        },
        "bientity_condition": {
            "type":"origins:and",
            "conditions":[{
            "type": "origins:actor_condition",
            "condition": {
                "type": "origins:power",
                "power": "hypno:playstyle/aeolus/phoenix/transcendant",
                "inverted": true
            }   
        },
        {
            "type": "origins:target_condition",
            "condition": {
                "type":"origins:and",
                "conditions":[{
                    "type": "origins:entity_type",
                    "entity_type": "minecraft:wither_skeleton"
                },
                {
                    "type": "origins:power",
                    "power": "hypno:playstyle/aeolus/phoenix/feather"
                }
        ]
    }  
        }
    ]
        },
        "item_condition": {
            "type": "origins:empty"
        },
        "hands": [
            "main_hand"
        ]
    }
}