{
    "name":"Firebird",
    "description":"As a phoenix, you take no damage from fire. Quite the opposite, you can only heal when ablaze and fire regenerates health passively. Also, you have 2 lesser hearts and take immense damage whilst in water.",
    "type": "origins:multiple",
    "fire_immune":{
        "type": "origins:modify_damage_taken",
        "damage_condition":  {
            "type": "origins:fire"
        },
        "modifier": {
            "name": "No fire damage",
            "operation": "multiply_total",
            "value": -1
        },
        "self_action": {
            "type": "origins:change_resource",
            "resource": "hypno:playstyle/aeolus/phoenix/firebird_energy",
            "change": 5
        }
    },
    "health":
    {
        "type": "origins:attribute",
        "modifier": {
            "name": "Reduced health",
            "attribute": "minecraft:generic.max_health",
            "value": -4,
            "operation": "addition"
        }
    },
    "healing":
    {
        "type": "origins:modify_healing",
        "modifier": {
            "operation": "multiply_total",
            "value": -1
        },
        "condition": {
            "type": "origins:on_fire",
            "inverted": true
        }
    },
    "healingfire":
    {
        "type": "origins:modify_healing",
        "modifier": {
            "operation": "multiply_total",
            "value": 0.25
        },
        "condition": {
            "type": "origins:on_fire"
        }
    },
    "heal":{
        "type": "origins:action_over_time",
        "entity_action": {
            "type": "origins:heal",
            "amount": 1
        },
        "interval": 30,
        "condition": {
            "type": "origins:on_fire"
        }
    },
    "water_weakness":
    {
        "type": "origins:damage_over_time",
        "interval": 10,
        "onset_delay": 1,
        "damage": 2,
        "damage_easy": 2,
        "damage_source": {
            "name": "hurt_by_water",
            "unblockable": true,
            "bypasses_armor": true
        },
        "protection_enchantment": "origins:water_protection",
        "protection_effectiveness": 0.5,
        "condition": {
            "type": "origins:or",
            "conditions": [
                {
                    "type": "origins:fluid_height",
                    "fluid": "minecraft:water",
                    "comparison": ">",
                    "compare_to": 0.0
                },
                {
                    "type": "origins:in_rain"
                }
            ]
        }
    },
    "energy":
    {
        "type": "origins:resource",
        "min": 0,
        "max": 1200,
        "start_value": 1200,
        "hud_render": {
            "sprite_location": "origins:textures/gui/community/huang/resource_bar_02.png",
            "bar_index": 15
        },
        "min_action":
        {
            "type": "origins:execute_command",
            "command": "power remove @e hypno:playstyle/aeolus/phoenix/rekindled"
        }
    },
    "energy_up":{
        "type": "origins:action_over_time",
        "entity_action": {
            "type": "origins:change_resource",
            "resource": "hypno:playstyle/aeolus/phoenix/firebird_energy",
            "change": 20
        },
        "interval": 100
    },
    "refill": {
        "type": "origins:action_on_callback",
        "entity_action_respawned": {
            "type": "origins:change_resource",
            "resource": "hypno:playstyle/aeolus/phoenix/firebird_energy",
            "change": 1200
        },
        "execute_chosen_when_orb": true
    },
    "firesteal":{
        "type": "origins:self_action_on_hit",
        "entity_action": {
            "type": "origins:change_resource",
            "resource": "hypno:playstyle/aeolus/phoenix/firebird_energy",
            "change": 50
        },
        "damage_condition": {
            "type": "origins:amount",
            "comparison": ">=",
            "compare_to": 2.0
        },
        "target_condition":{
            "type": "origins:on_fire"
        }, 
        "cooldown": 20
    },
    "no_firework":
    {
        "type": "origins:prevent_item_use",
        "item_condition": {
            "type": "origins:ingredient",
            "ingredient": {
                "item": "minecraft:firework_rocket"
            }
        },
        "condition":{
            "type": "origins:fall_flying"
        }
    },
    "hidden": false
}