{
    "name":"Awakening",
    "description":"Using your [PRIMARY ABILITY KEY] whilst winged will unleash your Awakening. You will start siphoning your energy to charge up your boost, but if you do not have enough, all of the energy missing will be drawn from your health. Once charged, you will get a massive flying boost.",
    "type": "origins:multiple",
    "use":{
        "type": "origins:active_self",
        "entity_action":{
            "type":"origins:and",
            "actions":[
            {
                "type": "origins:set_on_fire",
                "duration": 5
            },
            {
                "type": "origins:execute_command",
                "command": "power grant @s hypno:playstyle/aeolus/phoenix/graceful"
            },
            {
                "type": "origins:execute_command",
                "command": "power removed @s hypno:playstyle/aeolus/phoenix/winged"
            },
            {
                "type": "origins:execute_command",
                "command": "playsound simplyswords:elemental_bow_holy_shoot_impact_02 player @a[distance=..16] ~ ~ ~ 1 1.5"
            }
            ]
        },
        "condition":{
            "type":"origins:and",
            "conditions":[{
            "type": "origins:power",
            "power": "hypno:playstyle/aeolus/phoenix/winged"
                },
                {
                    "type": "origins:on_block",
                    "inverted": true
                },
                {
                    "type": "origins:fall_flying"
                }
            ]
        },
        "cooldown": 3600,
        "hud_render": {
            "sprite_location": "origins:textures/gui/community/huang/resource_bar_02.png",
            "bar_index": 5
        },
        "key": {
            "key": "key.origins.secondary_active"
        }
    },
    "hidden": false
}