{
    "name":"Graceful",
    "description":"Massive dash.",
    "type": "origins:multiple",
    "particle":
    {
        "type": "origins:particle",
        "particle": "minecraft:flame",
        "frequency": 4,
        "condition":{
            "type": "origins:resource",
            "resource": "hypno:playstyle/aeolus/phoenix/graceful_buildup",
            "comparison": "==",
            "compare_to": 100
        }
    },
    "particle_prep":
    {
        "type": "origins:action_over_time",
        "entity_action": {
            "type":"origins:and",
            "actions":[{
            "type": "origins:execute_command",
            "command": "particle minecraft:flame ~ ~1 ~ 1 1 1 0.1 100"
            },
            {
                "type": "origins:execute_command",
                "command": "particle minecraft:dust_color_transition 1 0 0 2 1 1 0 ~ ~1 ~ 1 1 1 0.1 200"
            }
            ]
        },
        "interval": 5,
        "condition":{
            "type": "origins:resource",
            "resource": "hypno:playstyle/aeolus/phoenix/graceful_buildup",
            "comparison": "<",
            "compare_to": 100
        }
    },
    "particle_flying":
    {
        "type": "origins:action_over_time",
        "entity_action": {
            "type":"origins:and",
            "actions":[{
            "type": "origins:execute_command",
            "command": "execute at @s positioned ^ ^ ^-0.5 run particle minecraft:flame ~ ~ ~ 0.3 0.1 0.3 0.01 20"
            },
            {
                "type": "origins:execute_command",
                "command": "execute at @s positioned ^ ^ ^-0.5 run particle minecraft:dust_color_transition 1 0 0 0.75 1 1 0 ~ ~ ~ 0.3 0.1 0.3 0.01 20"
            }
            ]
        },
        "interval": 2,
        "condition":{
            "type": "origins:resource",
            "resource": "hypno:playstyle/aeolus/phoenix/graceful_buildup",
            "comparison": "==",
            "compare_to": 100
        }
    },
    "wings":
    {
        "type": "origins:resource",
        "min": 0,
        "max": 60,
        "start_value": 60,
        "hud_render": {
            "should_render": false
        },
        "min_action": {
            "type":"origins:and",
            "actions":[
            {
                "type": "origins:execute_command",
                "command": "power remove @s hypno:playstyle/aeolus/phoenix/graceful"
            }
            ]
        }
    },
    "wings_down":{
        "type": "origins:action_over_time",
        "entity_action": {
            "type": "origins:change_resource",
            "resource": "hypno:playstyle/aeolus/phoenix/graceful_wings",
            "change": -10
        },
        "interval": 10,
        "condition":{
            "type": "origins:resource",
            "resource": "hypno:playstyle/aeolus/phoenix/graceful_buildup",
            "comparison": "==",
            "compare_to": 100
        }
    },
    "buildup":
    {
        "type": "origins:resource",
        "min": 0,
        "max": 100,
        "start_value": 0,
        "hud_render": {
            "should_render": false
        },
        "max_action": {
            "type":"origins:and",
            "actions":[{
                "type": "origins:add_velocity",
                "z": 5,
                "space":"local_horizontal"
            },
            {
                "type": "origins:execute_command",
                "command": "execute at @s positioned ~ ~5 ~ run function hypno:wings"
            },
            {
                "type": "origins:execute_command",
                "command": "playsound simplyswords:elemental_bow_holy_shoot_impact_02 player @a[distance=..16] ~ ~ ~ 1 1"
            }
            ]
        }
    },
    "buildup_up":{
        "type": "origins:action_over_time",
        "entity_action":  {
            "type":"origins:and",
            "actions":[{
                "type": "origins:change_resource",
                "resource": "hypno:playstyle/aeolus/phoenix/graceful_buildup",
                "change": 10
            },
            {
                "type": "origins:change_resource",
                "resource": "hypno:playstyle/aeolus/phoenix/firebird_energy",
                "change": -200
            }
            ]
        },
        "interval": 10,
        "condition":
        {
            "type": "origins:resource",
            "resource": "hypno:playstyle/aeolus/phoenix/firebird_energy",
            "comparison": ">=",
            "compare_to": 200
        }
    },
    "buildup_up_health":{
        "type": "origins:action_over_time",
        "entity_action":  {
            "type":"origins:and",
            "actions":[{
                "type": "origins:change_resource",
                "resource": "hypno:playstyle/aeolus/phoenix/graceful_buildup",
                "change": 10
            },
            {
                "type": "origins:damage",
                "amount": 2,
                "source": {
                    "name": "generic",
                    "bypasses_armor": true,
                    "unblockable": true
                }
            }
            ]
        },
        "interval": 10,
        "condition":{
        "type":"origins:and",
        "conditions":[
        {
            "type": "origins:resource",
            "resource": "hypno:playstyle/aeolus/phoenix/firebird_energy",
            "comparison": "<",
            "compare_to": 200
        },
        {
            "type": "origins:resource",
            "resource": "hypno:playstyle/aeolus/phoenix/graceful_buildup",
            "comparison": "<",
            "compare_to": 100
        }
        ]
    }
    },
    "no_move":
    {
        "type": "origins:modify_velocity",
        "modifier": {
          "value": -1,
          "operation": "multiply_total"
        },
        "axes": [
          "x",
          "y",
          "z"
        ],
        "condition":{
            "type": "origins:resource",
            "resource": "hypno:playstyle/aeolus/phoenix/graceful_buildup",
            "comparison": "<",
            "compare_to": 100
        }
      },

    "takedown":{
        "type": "origins:self_action_when_hit",
        "entity_action": {
            "type":"origins:and",
            "actions":[{
            "type": "origins:execute_command",
            "command": "power remove @s hypno:playstyle/aeolus/phoenix/graceful"
        },
        {
            "type": "origins:damage",
            "amount": 6 ,
            "source": {
                "name": "generic",
                "bypasses_armor": true,
                "unblockable": true
            }
        }
            ]
        },   
        "damage_condition": {
            "type": "origins:projectile"
        },
        "cooldown": 1
    },
    "hidden": true
}