{
    "name": "Feather",
    "type": "origins:multiple",
    "timer": {
        "type": "origins:resource",
        "min": 0,
        "max": 1200,
        "start_value": 1200,
        "hud_render": {
            "should_render": false
        },
        "min_action": {
            "type": "origins:and",
            "actions": [
                {
                    "type": "origins:execute_command",
                    "command": "execute as @e[tag=fierytp] if score @s feather = @p feather run tp @p @s"
                },
                {
                    "type": "origins:delay",
                    "ticks": 1,
                    "action": {
                        "type": "origins:execute_command",
                        "command": "kill @e[limit=1,sort=nearest,tag=fierytp]"
                    }
                },
                {
                    "type": "origins:delay",
                    "ticks": 2,
                    "action": {
                        "type": "origins:execute_command",
                        "command": "power remove @s hypno:playstyle/aeolus/phoenix/transcendant"
                    }
                }
            ]
        }
    },
    "timer_down": {
        "type": "origins:action_over_time",
        "entity_action": {
            "type": "origins:change_resource",
            "resource": "hypno:playstyle/aeolus/phoenix/transcendant_timer",
            "change": -10
        },
        "interval": 10
    },
    "prevent_death": {
        "type": "origins:prevent_death",
        "entity_action": {
            "type": "origins:and",
            "actions": [
                {
                    "type": "origins:execute_command",
                    "command": "execute as @e[tag=fierytp] if score @s feather = @p feather run tp @p @s"
                },
                {
                    "type": "origins:delay",
                    "ticks": 1,
                    "action": {
                        "type":"origins:and",
                        "actions":[{
                        "type": "origins:execute_command",
                        "command": "kill @e[limit=1,sort=nearest,tag=fierytp]"
                    },
                    {
                        "type": "origins:execute_command",
                        "command": "particle minecraft:flame ~ ~1 ~ 0.5 0.5 0.5 1 300"
                    },
                    {
                        "type": "origins:execute_command",
                        "command": "particle minecraft:ash ~ ~1 ~ 0.7 0.7 0.7 0.5 100"
                    },
                    {
                        "type": "origins:execute_command",
                        "command": "particle minecraft:dust_color_transition 1 0.6 0 1.5 1 0 0 ~ ~1 ~ 1 1 1 1 100"
                    },
                    {
                        "type": "origins:execute_command",
                        "command": "playsound simplyswords:elemental_bow_fire_shoot_impact_03 player @a[distance=..16] ~ ~ ~ 1 1"
                    },
                    {
                        "type": "origins:execute_command",
                        "command": "effect give @s minecraft:regeneration 7 0"
                    },
                    {
                        "type": "origins:execute_command",
                        "command": "effect give @s minecraft:fire_resistance 15 0"
                    }
                ]
            }
                },
                {
                    "type": "origins:delay",
                    "ticks": 2,
                    "action": {
                        "type": "origins:execute_command",
                        "command": "power remove @s hypno:playstyle/aeolus/phoenix/transcendant"
                    }
                }
            ]
        }
    },
    "hidden": false
}