{
    "name":"Winged",
    "description":"You are infused. You are fire resistant and able to use new abilities.",
    "type": "origins:multiple",
    "wings":
    {
        "type": "origins:elytra_flight",
        "render_elytra": true,
        "texture_location": "horigins:phoenix.png"
    },
    "lose":
    {
        "type": "origins:action_on_land",
        "entity_action": {
            "type": "origins:and",
            "actions": [
                {
                    "type": "origins:trigger_cooldown",
                    "power": "hypno:playstyle/aeolus/phoenix/wings_use"
                },
                {
                    "type": "origins:execute_command",
                    "command": "power remove @s hypno:playstyle/aeolus/phoenix/winged"
                }
            ]
        }  
    },
    "hidden": true
}