{
	"powers": [
		"origins:like_water",
		"hypno:playstyle/artemis/kelpie/spectre",
		"hypno:playstyle/artemis/kelpie/soulhook",
		"hypno:playstyle/artemis/kelpie/anchors",
		"hypno:playstyle/artemis/kelpie/stalk",
		"hypno:playstyle/artemis/kelpie/screech"
	],
	"icon": {
		"item": "minecraft:diamond",
		"tag": "{CustomModelData:3,Enchantments:[{}],\"enchant_the_rainbow:GlintColor\":13}"
	},
	"order": 1,
	"impact": 0,
	"name": "Kelpie",
	"description": "A horse-like mythical spirit of the waters said to inhabit the haunted bodies of water. It's sole existence fuels the fear in those aware of it."
}