{
	"powers": [
		"hypno:playstyle/artemis/minotaur/ram",
		"hypno:playstyle/artemis/minotaur/slam",
		"hypno:playstyle/artemis/minotaur/power_jump",
		"hypno:playstyle/artemis/minotaur/size",
		"hypno:playstyle/artemis/minotaur/daytime",
		"hypno:playstyle/artemis/minotaur/nobows",
		"hypno:playstyle/artemis/minotaur/vegetarian"
	],
	"icon": {
		"item": "minecraft:goat_horn"
	},
	"order": 4,
	"impact": 2,
	"name": "Minotaur",
	"description": "A monster cursed to live in a labyrinth. But the chains couldn't hold them for long enough... and now the beast seeks answers."
}