{
    "name":"Default",
    "description":"Those are all the default effects on Hypno Players.",
    "type": "origins:multiple",
    "turtle_master1":{
        "type": "origins:modify_status_effect_duration",
        "status_effect": "minecraft:slowness",
        "modifier": {
            "operation": "multiply_base",
            "value": -0.60
        },
        "condition": {
            "type":"origins:and",
            "conditions":[{
            "type": "origins:status_effect",
            "effect": "minecraft:resistance",
            "min_amplifier": 2
        },
        {
            "type": "origins:status_effect",
            "effect": "minecraft:slowness",
            "min_amplifier": 3
        }
    ]
}
    },
    "turtle_master2":
    {
        "type": "origins:modify_status_effect_duration",
        "status_effect": "minecraft:resistance",
        "modifier": {
            "operation": "multiply_base",
            "value": -0.60
        },
        "condition": {
            "type":"origins:and",
            "conditions":[{
            "type": "origins:status_effect",
            "effect": "minecraft:resistance",
            "min_amplifier": 2
        },
        {
            "type": "origins:status_effect",
            "effect": "minecraft:slowness",
            "min_amplifier": 3
        }
    ]
}
    },
    "no_block_interaction":{
        "type": "origins:prevent_block_selection",
        "block_condition":{
            "type": "origins:block",
            "block": "minecraft:barrier"
        },
        "condition":{
            "type": "origins:gamemode",
            "gamemode": "creative",
            "inverted": true
          }
    },
    "no_grief":{
        "type": "origins:modify_break_speed",
        "modifier": {
            "operation": "multiply_total",
            "value": -1
        },
        "condition": {
            "type":"origins:and",
            "conditions":[{
                "type": "origins:gamemode",
                "gamemode": "creative",
                "inverted": true
        },
        {
            "type": "origins:dimension",
            "dimension": "hypno:island",
            "inverted": false
        },
        {
            "type": "origins:distance_from_coordinates",
            "offset": {
                "x": -159,
                "y": 70,
                "z": -4
            },
            "shape": "sphere",
            "comparison": "<",
            "compare_to": 92,
            "ignore_y": true
        }
    ]
}
    },
    "no_damage_taken":{
        "type": "origins:modify_damage_taken",
        "modifier": {
            "name": "Invulnerable",
            "operation": "multiply_total",
            "value": -1
        },
        "condition": {
            "type":"origins:and",
            "conditions":[{
                "type": "origins:gamemode",
                "gamemode": "creative",
                "inverted": true
        },
        {
            "type": "origins:dimension",
            "dimension": "hypno:island",
            "inverted": false
        },
        {
            "type": "origins:distance_from_coordinates",
            "offset": {
                "x": -159,
                "y": 70,
                "z": -4
            },
            "shape": "sphere",
            "comparison": "<",
            "compare_to": 92,
            "ignore_y": true
        }
    ]
}
    },
    "no_damage_dealt":{
        "type": "origins:modify_damage_taken",
        "modifier": {
            "name": "No damage",
            "operation": "multiply_total",
            "value": -1
        },
        "condition": {
            "type":"origins:and",
            "conditions":[{
                "type": "origins:gamemode",
                "gamemode": "creative",
                "inverted": true
        },
        {
            "type": "origins:dimension",
            "dimension": "hypno:island",
            "inverted": false
        },
        {
            "type": "origins:distance_from_coordinates",
            "offset": {
                "x": -159,
                "y": 70,
                "z": -4
            },
            "shape": "sphere",
            "comparison": "<",
            "compare_to": 92,
            "ignore_y": true
        }
    ]
}
    },
    "fell":{
        "type": "origins:action_over_time",
        "entity_action": {
            "type": "origins:set_on_fire",
            "duration": 4
        },
        "interval": 20,
        "condition": {
            "type":"origins:and",
            "conditions":[{
                "type": "origins:gamemode",
                "gamemode": "creative",
                "inverted": true
        },
        {
            "type": "origins:dimension",
            "dimension": "hypno:island",
            "inverted": false
        },
        {
            "type": "origins:in_block_anywhere",
            "block_condition": {
                "type": "origins:height",
                "comparison": "<=",
                "compare_to": -60
            },
            "comparison": ">=",
            "compare_to": 1
        }
    ]
}
    },
    "no_elytra":{
        "type": "origins:conditioned_restrict_armor",
        "chest": {
            "type": "origins:ingredient",
            "ingredient": {
                "item": "minecraft:elytra"
            }
        },
        "tick_rate": 20
    },
    "hidden": true
}