{
    "name": "Ice",
    "type": "origins:multiple",
    "use": {
        "type": "origins:active_self",
        "entity_action": {
            "type": "origins:and",
            "actions": [
                {
                    "type": "origins:swing_hand",
                    "hand": "MAIN_HAND"
                },
                {
                    "type": "moborigins:set_item_cooldown",
                    "hand": "MAIN_HAND",
                    "ticks": 200
                },
                {
                    "type": "origins:if_else",
                    "condition": {
                        "type": "origins:and",
                        "conditions": [
                            {
                                "type": "origins:dimension",
                                "dimension": "minecraft:nether",
                                "inverted": true
                            },
                            {
                                "type": "origins:exposed_to_sky"
                            },
                            {
                                "type": "origins:daytime",
                                "inverted": true
                            }
                        ]
                    },
                    "if_action": {
                        "type": "origins:change_resource",
                        "resource": "hypno:playstyle/zeus/hecates/witch_mana",
                        "change": -140
                    },
                    "else_action": {
                        "type": "origins:and",
                        "actions": [
                            {
                                "type": "origins:change_resource",
                                "resource": "hypno:playstyle/zeus/hecates/witch_mana",
                                "change": -280
                            },
                            {
                                "type": "origins:exhaust",
                                "amount": 2
                            }
                        ]
                    }
                },
                {
                    "type": "origins:choice",
                    "actions": [
                        {
                            "element": {
                                "type": "origins:execute_command",
                                "command": "playsound simplyswords:magic_sword_block_01 player @a[distance=..16] ~ ~ ~ 1 1.8",
                                "permission_level": 4
                            },
                            "weight": 1
                        },
                        {
                            "element": {
                                "type": "origins:execute_command",
                                "command": "playsound simplyswords:magic_sword_block_01 player @a[distance=..16] ~ ~ ~ 1 1.6",
                                "permission_level": 4
                            },
                            "weight": 1
                        },
                        {
                            "element": {
                                "type": "origins:execute_command",
                                "command": "playsound simplyswords:magic_sword_block_01 player @a[distance=..16] ~ ~ ~ 1 1.7",
                                "permission_level": 4
                            },
                            "weight": 1
                        }
                    ]
                },
                {
                    "type": "origins:raycast",
                    "distance": 12,
                    "block": true,
                    "entity": false,
                    "shape_type": "collider",
                    "fluid_handling": "none",
                    "miss_action": {
                        "type": "origins:execute_command",
                        "command": "kill @e[tag=icereplace]"
                    },
                    "hit_action": {
                        "type": "origins:execute_command",
                        "command": "kill @e[tag=icereplace]"
                    },
                    "command_along_ray": "function hypno:freeze_hecates",
                    "command_step": 1.0,
                    "command_along_ray_only_on_hit": false
                }
            ]
        },
        "cooldown": 200,
        "hud_render": {
            "should_render": false
        },
        "key": {
            "key": "key.use",
            "continuous": false
        },
        "condition": {
            "type": "origins:and",
            "conditions": [
                {
                    "type": "origins:equipped_item",
                    "equipment_slot": "mainhand",
                    "item_condition": {
                        "type": "origins:nbt",
                        "nbt": "{Tags:[\"ice\"]}"
                    }
                },
                {
                    "type": "origins:equipped_item",
                    "equipment_slot": "offhand",
                    "item_condition": {
                        "type": "origins:nbt",
                        "nbt": "{Tags:[\"spellbook\"]}"
                    }
                },
                {
                    "type": "origins:resource",
                    "resource": "hypno:playstyle/zeus/hecates/witch_mana",
                    "comparison": ">=",
                    "compare_to": 280
                }
            ]
        }
    },
    "hidden": true
}