{
    "name": "Magic Missile",
    "type": "origins:multiple",
    "use": {
        "type": "origins:active_self",
        "entity_action": {
                "type": "origins:and",
                "actions": [
                    {
                        "type": "origins:swing_hand",
                        "hand": "MAIN_HAND"
                    },
                    {
                        "type": "moborigins:set_item_cooldown",
                        "hand": "MAIN_HAND",
                        "ticks": 300
                    },
                    {
                        "type": "origins:execute_command",
                        "command": "playsound simplyswords:magic_sword_attack_02 player @a[distance=..16] ~ ~ ~ 1 0.5",
                        "permission_level": 4
                    },
                    {
                        "type": "origins:execute_command",
                        "command": "particle minecraft:end_rod ~ ~ ~ 3 0.1 3 0.1 100"
                    },
                    {
                        "type": "origins:execute_command",
                        "command": "particle minecraft:dust_color_transition 1 1 1 1 1 0 1 ~ ~ ~ 3 0.1 3 0.1 200"
                    },
                    {
                        "type": "origins:trigger_cooldown",
                        "power": "hypno:playstyle/zeus/hecates/spells/invert_gravity_use_sneak"
                    },
                    {
                        "type": "origins:if_else",
                        "condition": {
                            "type":"origins:and",
                            "conditions":[{
                            "type": "origins:dimension",
                            "dimension": "minecraft:nether",
                            "inverted": true
                        },
                        {
                            "type": "origins:exposed_to_sky"
                        },
                        {
                            "type": "origins:daytime",
                            "inverted": true
                        }
                    ]
                    },
                        "if_action": {
                            "type": "origins:change_resource",
                            "resource": "hypno:playstyle/zeus/hecates/witch_mana",
                            "change": -280
                        }, 
                        "else_action": {
                            "type": "origins:and",
                            "actions": [
                                {
                                    "type": "origins:change_resource",
                                    "resource": "hypno:playstyle/zeus/hecates/witch_mana",
                                    "change": -400
                                },
                                {
                                    "type": "origins:exhaust",
                                    "amount": 3
                                }
                            ]
                        }
                    },
                    {
                        "type": "origins:area_of_effect",
                        "radius": 8,
                        "bientity_action": {
                            "type": "origins:target_action",
                            "action":{
                                "type": "origins:if_else",
                                "condition": {
                                    "type": "origins:power",
                                    "power": "hypno:playstyle/zeus/hecates/spells/gravity_invert"
                                },
                                "if_action": {
                                    "type":"origins:and",
                                    "actions":[{
                                    "type": "origins:execute_command",
                                    "command": "power remove @s hypno:playstyle/zeus/hecates/spells/gravity_invert"
                                        },
                                        {
                                            "type": "origins:add_velocity",
                                            "y": 0,
                                            "set": true
                                        }
                                    ]
                                },
                                "else_action": {
                                    "type": "origins:execute_command",
                                    "command": "power grant @s hypno:playstyle/zeus/hecates/spells/gravity_invert"
                                }
                            }
                        },
                        "bientity_condition": {
                            "type":"origins:target_condition",
                            "condition":{
                            "type":"origins:and",
                            "conditions":[
                            {
                                "type": "origins:living"
                            },
                            {
                                "type": "origins:in_tag",
                                "tag": "hypno:living"
                            }
                        ]
                        }
                        }
                    }
                ]
        },
        "cooldown": 300,
        "hud_render": {
            "should_render": false
        },
        "key": {
            "key": "key.use",
            "continuous": false
        },
        "condition": {
            "type": "origins:and",
            "conditions": [
                {
                    "type": "origins:equipped_item",
                    "equipment_slot": "mainhand",
                    "item_condition": {
                        "type": "origins:nbt",
                        "nbt": "{Tags:[\"invert_gravity\"]}"
                    }
                },
                {
                    "type": "origins:equipped_item",
                    "equipment_slot": "offhand",
                    "item_condition": {
                        "type": "origins:nbt",
                        "nbt": "{Tags:[\"spellbook\"]}"
                    }
                },
                {
                    "type": "origins:sneaking",
                    "inverted": true
                },
                {
                    "type": "origins:resource",
                    "resource": "hypno:playstyle/zeus/hecates/witch_mana",
                    "comparison": ">=",
                    "compare_to": 400
                }
            ]
        }
    },
    "use_sneak": {
        "type": "origins:active_self",
        "entity_action": {
                "type": "origins:and",
                "actions": [
                    {
                        "type": "origins:swing_hand",
                        "hand": "MAIN_HAND"
                    },
                    {
                        "type": "moborigins:set_item_cooldown",
                        "hand": "MAIN_HAND",
                        "ticks": 300
                    },
                    {
                        "type": "origins:execute_command",
                        "command": "playsound simplyswords:magic_sword_attack_02 player @a[distance=..16] ~ ~ ~ 1 0.5",
                        "permission_level": 4
                    },
                    {
                        "type": "origins:execute_command",
                        "command": "particle minecraft:end_rod ~ ~1 ~ 1 0.5 1 0.1 100"
                    },
                    {
                        "type": "origins:execute_command",
                        "command": "particle minecraft:dust_color_transition 1 1 1 1 1 0 1 ~ ~1 ~ 1 0.5 1 0.1 200"
                    },
                    {
                        "type": "origins:trigger_cooldown",
                        "power": "hypno:playstyle/zeus/hecates/spells/invert_gravity_use"
                    },
                    {
                        "type": "origins:if_else",
                        "condition": {
                            "type": "origins:power",
                            "power": "hypno:playstyle/zeus/hecates/spells/gravity_invert"
                        },
                        "if_action": {
                            "type":"origins:and",
                            "actions":[{
                            "type": "origins:execute_command",
                            "command": "power remove @s hypno:playstyle/zeus/hecates/spells/gravity_invert"
                                },
                                {
                                    "type": "origins:add_velocity",
                                    "y": 0,
                                    "set": true
                                }
                            ]
                        },
                        "else_action": {
                            "type": "origins:execute_command",
                            "command": "power grant @s hypno:playstyle/zeus/hecates/spells/gravity_invert"
                        }
                    },
                    {
                        "type": "origins:if_else",
                        "condition": {
                            "type":"origins:and",
                            "conditions":[{
                            "type": "origins:dimension",
                            "dimension": "minecraft:nether",
                            "inverted": true
                        },
                        {
                            "type": "origins:exposed_to_sky"
                        },
                        {
                            "type": "origins:daytime",
                            "inverted": true
                        }
                    ]
                    },
                        "if_action": {
                            "type": "origins:change_resource",
                            "resource": "hypno:playstyle/zeus/hecates/witch_mana",
                            "change": -280
                        }, 
                        "else_action": {
                            "type": "origins:change_resource",
                            "resource": "hypno:playstyle/zeus/hecates/witch_mana",
                            "change": -400
                        }
                    }
                ]
        },
        "cooldown": 300,
        "hud_render": {
            "should_render": false
        },
        "key": {
            "key": "key.use",
            "continuous": false
        },
        "condition": {
            "type": "origins:and",
            "conditions": [
                {
                    "type": "origins:equipped_item",
                    "equipment_slot": "mainhand",
                    "item_condition": {
                        "type": "origins:nbt",
                        "nbt": "{Tags:[\"invert_gravity\"]}"
                    }
                },
                {
                    "type": "origins:equipped_item",
                    "equipment_slot": "offhand",
                    "item_condition": {
                        "type": "origins:nbt",
                        "nbt": "{Tags:[\"spellbook\"]}"
                    }
                }, 
                {
                    "type": "origins:sneaking"
                }
            ]
        }
    },
    "hidden": true
}