{
    "name": "Magic Missile",
    "type": "origins:multiple",
    "use": {
        "type": "origins:active_self",
        "entity_action": {
                "type": "origins:and",
                "actions": [
                    {
                        "type": "origins:swing_hand",
                        "hand": "MAIN_HAND"
                    },
                    {
                        "type": "moborigins:set_item_cooldown",
                        "hand": "MAIN_HAND",
                        "ticks": 15
                    },
                    {
                        "type": "origins:if_else",
                        "condition": {
                            "type":"origins:and",
                            "conditions":[{
                            "type": "origins:dimension",
                            "dimension": "minecraft:nether",
                            "inverted": true
                        },
                        {
                            "type": "origins:exposed_to_sky"
                        },
                        {
                            "type": "origins:daytime",
                            "inverted": true
                        }
                    ]
                    },
                        "if_action": {
                            "type": "origins:change_resource",
                            "resource": "hypno:playstyle/zeus/hecates/witch_mana",
                            "change": -28
                        }, 
                        "else_action": {
                            "type": "origins:and",
                            "actions": [
                                {
                                    "type": "origins:change_resource",
                                    "resource": "hypno:playstyle/zeus/hecates/witch_mana",
                                    "change": -70
                                },
                                {
                                    "type": "origins:exhaust",
                                    "amount": 0.5
                                }
                            ]
                        }
                    },
                    {
                        "type": "origins:choice",
                        "actions": [
                            {
                                "element": {
                                    "type": "origins:execute_command",
                                    "command": "playsound simplyswords:magic_sword_block_01 player @a[distance=..16] ~ ~ ~ 1 1.8",
                                    "permission_level": 4
                                },
                                "weight": 1
                            },
                            {
                                "element": {
                                    "type": "origins:execute_command",
                                    "command": "playsound simplyswords:magic_sword_block_01 player @a[distance=..16] ~ ~ ~ 1 1.6",
                                    "permission_level": 4
                                },
                                "weight": 1
                            },
                            {
                                "element": {
                                    "type": "origins:execute_command",
                                    "command": "playsound simplyswords:magic_sword_block_01 player @a[distance=..16] ~ ~ ~ 1 1.7",
                                    "permission_level": 4
                                },
                                "weight": 1
                            }
                        ]
                    },
                    {
                        "type": "origins:raycast",
                        "distance": 9,
                        "block": true,
                        "entity": true,
                        "shape_type": "outline",
                        "fluid_handling": "none",
                        "bientity_action": {
                                "type":"origins:and",
                                "actions": [{
                                    "type": "origins:damage",
                                    "amount": 5,
                                    "source": {
                                        "name": "magic.player",
                                        "magic": true,
                                        "bypasses_armor": true
                                    }
                                },
                                {
                                    "type": "origins:target_action",
                                    "action": {
                                        "type":"origins:and",
                                        "actions": [{
                                        "type": "origins:execute_command",
                                        "command": "playsound simplyswords:magic_bow_shoot_impact_03 player @a[distance=..16] ~ ~ ~ 1 1.7",
                                        "permission_level": 4
                                    },
                                    {
                                        "type": "origins:execute_command",
                                        "command": "power grant @s hypno:playstyle/zeus/hecates/overmagicked"
                                    },
                                    {
                                        "type": "origins:change_resource",
                                        "resource": "hypno:playstyle/zeus/hecates/overmagicked_stacks",
                                        "change": 1
                                    }
                                ]
                            }
                                }
                            ]
                        },
                        "command_at_hit": "particle minecraft:dust_color_transition 1 0 1 1 0.8 0 0.8 ~ ~ ~ 0.3 0.3 0.3 0 50",
                        "command_along_ray": "function hypno:ray_magic_missile",
                        "command_step": 0.5,
                        "command_along_ray_only_on_hit": false
                    }
                ]
        },
        "cooldown": 15,
        "hud_render": {
            "should_render": false
        },
        "key": {
            "key": "key.use",
            "continuous": false
        },
        "condition": {
            "type": "origins:and",
            "conditions": [
                {
                    "type": "origins:equipped_item",
                    "equipment_slot": "mainhand",
                    "item_condition": {
                        "type": "origins:nbt",
                        "nbt": "{Tags:[\"magic_missile\"]}"
                    }
                },
                {
                    "type": "origins:equipped_item",
                    "equipment_slot": "offhand",
                    "item_condition": {
                        "type": "origins:nbt",
                        "nbt": "{Tags:[\"spellbook\"]}"
                    }
                },
                {
                    "type": "origins:resource",
                    "resource": "hypno:playstyle/zeus/hecates/witch_mana",
                    "comparison": ">=",
                    "compare_to": 70
                }
            ]
        }
    },
    "hidden": true
}