{
    "type": "origins:multiple",
    "timer": {
        "type": "origins:resource",
        "min": 0,
        "max": 60,
        "start_value": 60,
        "hud_render": {
            "should_render": false
        },
        "min_action": {
            "type": "origins:and",
            "actions": [
                {
                    "type": "origins:execute_command",
                    "command": "kill @s"
                }
            ]
        }
    },
    "particles": {
        "type": "origins:action_over_time",
        "entity_action": {
            "type": "origins:and",
            "actions": [
                {
                    "type": "origins:execute_command",
                    "command": "particle minecraft:ash ~ ~ ~ 0.3 0.3 0.3 1 30"
                },
                {
                    "type": "origins:execute_command",
                    "command": "particle minecraft:dust_color_transition 1 0.3 0 1.3 1 0.2 0 ~ ~ ~ 0.3 0.3 0.3 1 30"
                },
                {
                    "type": "origins:execute_command",
                    "command": "particle minecraft:flame ~ ~ ~ 0.3 0.3 0.3 0.01 30"
                },
                {
                    "type": "origins:execute_command",
                    "command": "execute as @e[tag=meteor_particles] at @s run tp @s ~ ~ ~ ~10 ~"
                },
                {
                    "type": "origins:execute_command",
                    "command": "execute as @e[tag=meteor_particles] at @s run particle minecraft:flame ^ ^ ^9 0.5 0.1 0.5 0 10"
                }
            ]
        },
        "interval": 1
    },
    "landing": {
        "type": "origins:action_over_time",
        "rising_action": {
            "type": "origins:and",
            "actions": [
                {
                    "type": "origins:area_of_effect",
                    "radius": 9,
                    "bientity_action": {
                        "type": "origins:and",
                        "actions": [
                            {
                                "type": "origins:target_action",
                                "action": {
                                    "type": "origins:and",
                                    "actions": [
                                        {
                                            "type": "origins:execute_command",
                                            "command": "particle minecraft:ash ~ ~1 ~ 0.5 0.5 0.5 0.4 100"
                                        },
                                        {
                                            "type": "origins:execute_command",
                                            "command": "particle minecraft:flame ~ ~1 ~ 0.5 0.5 0.5 0.4 100"
                                        },
                                        {
                                            "type": "origins:set_on_fire",
                                            "duration": 4
                                        },
                                        {
                                            "type": "origins:damage",
                                            "amount": 7,
                                            "source": {
                                                "name": "onFire",
                                                "fire": true,
                                                "bypasses_armor": true
                                            }
                                        },
                                        {
                                            "type": "origins:execute_command",
                                            "command": "power grant @s hypno:playstyle/zeus/hecates/overmagicked"
                                        },
                                        {
                                            "type": "origins:change_resource",
                                            "resource": "hypno:playstyle/zeus/hecates/overmagicked_stacks",
                                            "change": 1
                                        }
                                    ]
                                }
                            }
                        ]
                    },
                    "bientity_condition": {
                        "type": "origins:target_condition",
                        "condition": {
                            "type": "origins:and",
                            "conditions": [
                                {
                                    "type": "origins:living"
                                },
                                {
                                    "type": "origins:in_tag",
                                    "tag": "hypno:living"
                                }
                            ]
                        }
                    }
                },
                {
                    "type": "origins:execute_command",
                    "command": "playsound simplyswords:elemental_bow_earth_shoot_impact_03 player @a[distance=..16] ~ ~ ~ 2 0.5"
                },
                {
                    "type": "origins:execute_command",
                    "command": "playsound simplyswords:elemental_bow_fire_shoot_impact_02 player @a[distance=..16] ~ ~ ~ 1 0.5"
                },
                {
                    "type": "origins:execute_command",
                    "command": "particle minecraft:flame ~ ~ ~ 3 0 3 0.1 300"
                },
                {
                    "type": "origins:execute_command",
                    "command": "particle minecraft:dust_color_transition 1 0.2 0 2 0.8 0.1 0 ~ ~ ~ 3 0 3 0.1 100"
                },
                {
                    "type": "origins:execute_command",
                    "command": "kill @e[tag=meteor_particles]"
                },
                {
                    "type": "origins:execute_command",
                    "command": "kill @s"
                }
            ]
        },
        "interval": 1,
        "condition": {
            "type": "origins:on_block"
        }
    },
    "fall_speed": {
        "type": "origins:modify_falling",
        "velocity": 0.025,
        "take_fall_damage": true
    },
    "timer_down": {
        "type": "origins:action_over_time",
        "entity_action": {
            "type": "origins:and",
            "actions": [
                {
                    "type": "origins:change_resource",
                    "resource": "hypno:playstyle/zeus/hecates/spells/meteorite_timer",
                    "change": -1
                }
            ]
        },
        "interval": 1
    }
}