{
    "name": "Teleport",
    "type": "origins:multiple",
    "use": {
        "type": "origins:active_self",
        "entity_action": {
                "type": "origins:and",
                "actions": [
                    {
                        "type": "origins:swing_hand",
                        "hand": "MAIN_HAND"
                    },
                    {
                        "type": "moborigins:set_item_cooldown",
                        "hand": "MAIN_HAND",
                        "ticks": 70
                    },
                    {
                        "type": "origins:choice",
                        "actions": [
                            {
                                "element": {
                                    "type": "origins:execute_command",
                                    "command": "playsound minecraft:entity.enderman.teleport player @a ~ ~ ~ 1 1.2",
                                    "permission_level": 4
                                },
                                "weight": 1
                            },
                            {
                                "element": {
                                    "type": "origins:execute_command",
                                    "command": "playsound minecraft:entity.enderman.teleport player @a ~ ~ ~ 1 1.4",
                                    "permission_level": 4
                                },
                                "weight": 1
                            },
                            {
                                "element": {
                                    "type": "origins:execute_command",
                                    "command": "playsound minecraft:entity.enderman.teleport player @a ~ ~ ~ 1 1.3",
                                    "permission_level": 4
                                },
                                "weight": 1
                            }
                        ]
                    },
                    {
                        "type": "origins:if_else",
                        "condition": {
                            "type":"origins:and",
                            "conditions":[{
                            "type": "origins:dimension",
                            "dimension": "minecraft:nether",
                            "inverted": true
                        },
                        {
                            "type": "origins:exposed_to_sky"
                        },
                        {
                            "type": "origins:daytime",
                            "inverted": true
                        }
                    ]
                    },
                        "if_action": {
                            "type": "origins:change_resource",
                            "resource": "hypno:playstyle/zeus/hecates/witch_mana",
                            "change": -70
                        }, 
                        "else_action": {
                            "type": "origins:and",
                            "actions": [
                                {
                                    "type": "origins:change_resource",
                                    "resource": "hypno:playstyle/zeus/hecates/witch_mana",
                                    "change": -140
                                },
                                {
                                    "type": "origins:exhaust",
                                    "amount": 1
                                }
                            ]
                        }
                    },
                    {
                        "type": "origins:raycast",
                        "distance": 7,
                        "block": true,
                        "entity": true,
                        "shape_type": "outline",
                        "fluid_handling": "none",
                        "command_at_hit": "particle minecraft:dust_color_transition 1 0 1 1 0.8 0 0.8 ~ ~ ~ 0.3 0.3 0.3 0 50",
                        "command_along_ray": "function hypno:ray_teleport",
                        "command_step": 0.5,
                        "command_along_ray_only_on_hit": false
                    },
                    {
                        "type": "origins:add_velocity",
                        "y": 0,
                        "set": true
                    }
                ]
        },
        "cooldown": 70,
        "hud_render": {
            "should_render": false
        },
        "key": {
            "key": "key.use",
            "continuous": false
        },
        "condition": {
            "type": "origins:and",
            "conditions": [
                {
                    "type": "origins:equipped_item",
                    "equipment_slot": "mainhand",
                    "item_condition": {
                        "type": "origins:nbt",
                        "nbt": "{Tags:[\"teleport\"]}"
                    }
                },
                {
                    "type": "origins:equipped_item",
                    "equipment_slot": "offhand",
                    "item_condition": {
                        "type": "origins:nbt",
                        "nbt": "{Tags:[\"spellbook\"]}"
                    }
                },
                {
                    "type": "origins:resource",
                    "resource": "hypno:playstyle/zeus/hecates/witch_mana",
                    "comparison": ">=",
                    "compare_to": 140
                }
            ]
        }
    },
    "hidden": true
}