{
    "name": "Slide",
    "description": "Holding [PRIMARY ABILITY KEY] will initiate Blazing Flight. Using Blazing Fight will use energy over time.",
    "type": "origins:multiple",
    "use": {
        "type": "origins:active_self",
        "entity_action": {
            "type": "origins:and",
            "actions": [
                {
                    "type": "origins:add_velocity",
                    "y": -0.13,
                    "z": 0.06,
                    "space": "local_horizontal_normalized"
                },
                {
                    "type": "origins:execute_command",
                    "command": "particle minecraft:poof ~ ~ ~ 0.2 0.1 0.2 0.1 4"
                },
                {
                    "type": "origins:execute_command",
                    "command": "particle minecraft:dust_color_transition 1 1 1 2 0.6 0.6 0.6 ~ ~ ~ 0.2 0.1 0.2 0.1 4"
                },
                {
                    "type": "origins:execute_command",
                    "command": "particle minecraft:snowflake ~ ~ ~ 0.2 0.1 0.2 0.1 4"
                }
            ]
        },
        "condition": {
            "type": "origins:and",
            "conditions": [
                {
                    "type": "origins:fluid_height",
                    "fluid": "minecraft:water",
                    "comparison": "==",
                    "compare_to": 0
                },
                {
                    "type": "origins:sprinting"
                },
                {
                    "type": "origins:resource",
                    "resource": "hypno:playstyle/aeolus/akhlut/slide_timer",
                    "comparison": ">",
                    "compare_to": 0
                }
            ]
        },
        "cooldown": 1,
        "hud_render": {
            "should_render": false
        },
        "key": {
            "key": "key.origins.primary_active",
            "continuous": true
        }
    },
    "step_height": {
        "type": "origins:action_over_time",
        "rising_action": {
            "type": "origins:execute_command",
            "command": "scale set pehkui:step_height 2 @s"
        },
        "falling_action": {
            "type": "origins:execute_command",
            "command": "scale set pehkui:step_height 1 @s"
        },
        "interval": 1,
        "condition": {
            "type": "origins:and",
            "conditions": [
                {
                    "type": "apugli:key_pressed",
                    "key": {
                        "key": "key.origins.primary_active",
                        "continuous": true
                    }
                },
                {
                    "type": "origins:fluid_height",
                    "fluid": "minecraft:water",
                    "comparison": "==",
                    "compare_to": 0
                },
                {
                    "type": "origins:sprinting"
                },
                {
                    "type": "origins:resource",
                    "resource": "hypno:playstyle/aeolus/akhlut/slide_timer",
                    "comparison": ">",
                    "compare_to": 0
                }
            ]
        }
    },
    "timer": {
        "type": "origins:resource",
        "min": 0,
        "max": 10,
        "start_value": 10,
        "hud_render": {
            "should_render": false
        }
    },
    "timer_up": {
        "type": "origins:action_over_time",
        "entity_action": {
            "type": "origins:change_resource",
            "resource": "hypno:playstyle/aeolus/akhlut/slide_timer",
            "change": 15
        },
        "interval": 1,
        "condition": {
            "type": "origins:and",
            "conditions": [
                {
                    "type": "origins:on_block"
                },
                {
                    "type": "origins:fluid_height",
                    "fluid": "minecraft:water",
                    "comparison": "==",
                    "compare_to": 0
                },
                {
                    "type": "origins:sprinting"
                }
            ]
        }
    },
    "timer_down": {
        "type": "origins:action_over_time",
        "entity_action": {
            "type": "origins:change_resource",
            "resource": "hypno:playstyle/aeolus/akhlut/slide_timer",
            "change": -1
        },
        "interval": 1,
        "condition": {
            "type": "origins:and",
            "conditions": [
                {
                    "type": "origins:on_block",
                    "inverted": true
                },
                {
                    "type": "origins:fluid_height",
                    "fluid": "minecraft:water",
                    "comparison": "==",
                    "compare_to": 0
                },
                {
                    "type": "origins:sprinting"
                }
            ]
        }
    },
    "speed": {
        "type": "origins:modify_swim_speed",
        "modifier": {
            "operation": "multiply_total",
            "value": -1
        },
        "condition": {
            "type": "origins:and",
            "conditions": [
                {
                    "type": "apugli:key_pressed",
                    "key": {
                        "key": "key.origins.primary_active",
                        "continuous": true
                    }
                },
                {
                    "type": "origins:fluid_height",
                    "fluid": "minecraft:water",
                    "comparison": "==",
                    "compare_to": 0
                },
                {
                    "type": "origins:sprinting"
                },
                {
                    "type": "origins:resource",
                    "resource": "hypno:playstyle/aeolus/akhlut/slide_timer",
                    "comparison": ">",
                    "compare_to": 0
                }
            ]
        }
    },
    "camera_speed": {
        "type": "eggolib:modify_mouse_sensitivity",
        "modifier": {
            "operation": "multiply_total",
            "value": -1
        },
        "condition": {
            "type": "origins:and",
            "conditions": [
                {
                    "type": "apugli:key_pressed",
                    "key": {
                        "key": "key.origins.primary_active",
                        "continuous": true
                    }
                },
                {
                    "type": "origins:fluid_height",
                    "fluid": "minecraft:water",
                    "comparison": "==",
                    "compare_to": 0
                },
                {
                    "type": "origins:sprinting"
                },
                {
                    "type": "origins:resource",
                    "resource": "hypno:playstyle/aeolus/akhlut/slide_timer",
                    "comparison": ">",
                    "compare_to": 0
                }
            ]
        }
    },
    "flying": {
        "type": "origins:swimming",
        "condition": {
            "type": "origins:and",
            "conditions": [
                {
                    "type": "apugli:key_pressed",
                    "key": {
                        "key": "key.origins.primary_active",
                        "continuous": true
                    }
                },
                {
                    "type": "origins:fluid_height",
                    "fluid": "minecraft:water",
                    "comparison": "==",
                    "compare_to": 0
                },
                {
                    "type": "origins:sprinting"
                },
                {
                    "type": "origins:resource",
                    "resource": "hypno:playstyle/aeolus/akhlut/slide_timer",
                    "comparison": ">",
                    "compare_to": 0
                }
            ]
        }
    },
    "hidden": false
}