{
    "name": "Tropicaled",
    "type": "origins:multiple",
    "timer": {
        "type": "origins:resource",
        "min": 0,
        "max": 300,
        "start_value": 300,
        "hud_render": {
            "should_render": false
        },
        "min_action": {
            "type": "origins:and",
            "actions": [
                {
                    "type": "origins:execute_command",
                    "command": "tag @s remove echoed"
                },
                {
                    "type": "origins:execute_command",
                    "command": "scoreboard players reset @s echoes"
                },
                {
                    "type": "origins:execute_command",
                    "command": "power remove @s hypno:playstyle/aeolus/akhlut/tropicaled"
                }
            ]
        }
    },
    "timer_down": {
        "type": "origins:action_over_time",
        "entity_action": {
            "type": "origins:and",
            "actions": [
                {
                    "type": "origins:change_resource",
                    "resource": "hypno:playstyle/aeolus/akhlut/tropicaled_timer",
                    "change": -5
                }
            ]
        },
        "interval": 5
    }, 
    "prevent_death": {
        "type": "origins:prevent_death",
        "entity_action": {
            "type": "origins:and",
            "actions": [
                {
                    "type": "origins:execute_command",
                    "command": "particle minecraft:enchant ~ ~1 ~ 0.5 0.2 0.5 0 100"
                },
                {
                    "type": "origins:execute_command",
                    "command": "particle minecraft:enchanted_hit ~ ~1 ~ 0.5 0.2 0.5 1 100"
                },
                    {
                        "type": "origins:execute_command",
                        "command": "particle minecraft:dust_color_transition 0 0.7 0.4 1 0 0.1 1 ~ ~1 ~ 1 1 1 1 100"
                    },
                    {
                        "type": "origins:execute_command",
                        "command": "playsound minecraft:entity.elder_guardian.death player @a ~ ~ ~ 3 0.5"
                    },
                    {
                        "type": "origins:execute_command",
                        "command": "effect give @s minecraft:regeneration 7 0"
                    },
                    {
                        "type": "origins:execute_command",
                        "command": "tag @s remove echoed"
                    },
                    {
                        "type": "origins:execute_command",
                        "command": "scoreboard players reset @s echoes"
                    },
                    {
                        "type": "origins:execute_command",
                        "command": "power remove @s hypno:playstyle/aeolus/akhlut/tropicaled"
                    }
            ]
        }
    },
    "hidden": true
}