{
    "name": "Disguised Entity",
    "type": "origins:multiple",
    "tanuki_leave":
    {
        "type": "origins:action_when_damage_taken",
        "entity_action": {
            "type":"origins:and",
            "actions":[{
            "type": "origins:execute_command",
            "command": "execute as @a[distance=..3] if score @s disguised = @e[limit=1,sort=nearest] disguised run resource set @s hypno:playstyle/hephaestus/tanuki/disguised_leave 1"
        },
        {
            "type": "origins:execute_command",
            "command": "execute as @a[distance=..3] if score @s disguised = @e[limit=1,sort=nearest] disguised run power grant @s hypno:playstyle/hephaestus/tanuki/knocked"
        }
    ]
    },
        "cooldown": 1
    },
      "shake_resource": {
        "type": "origins:resource",
        "min": 0,
        "max": 3,
        "start_value": 0,
        "hud_render": {
            "should_render": false
        },
        "max_action": {
            "type":"origins:and",
            "actions":[{
                "type": "origins:execute_command",
                "command": "execute as @a[distance=..3] if score @s disguised = @e[limit=1,sort=nearest] disguised run resource set @s hypno:playstyle/hephaestus/tanuki/disguised_leave 1"
            }
            ]
        }
      },
      "shake":{
        "type": "origins:active_self",
        "entity_action": {
            "type": "origins:change_resource",
            "resource": "hypno:playstyle/hephaestus/tanuki/disguise_shake_resource",
            "change": 1
        },
        "cooldown": 1,
        "hud_render": {
            "should_render": false
        },
        "key": {
            "key": "key.sneak"
        }
    },
    "hidden":false
}