{
    "name":"Identity Theft",
    "description":"Interacting with an entity will hide your soul and body into said entity. By pressing [JUMP], you can leave at any time. Additionally, if the entity takes damage, you will be kicked out.",
    "type": "origins:multiple",
    "use":{
        "type": "origins:action_on_entity_use",
        "bientity_action": {
            "type": "origins:and",
            "actions": [{
            "type": "origins:target_action",
            "action": {
                "type": "origins:and",
                "actions": [
                    {
                        "type": "origins:execute_command",
                        "command": "power grant @s hypno:playstyle/hephaestus/tanuki/disguise"
                    },
                    {
                        "type": "origins:execute_command",
                        "command": "particle minecraft:end_rod ~ ~1 ~ 0.5 0.5 0.5 0.3 30"
                    },
                    {
                        "type": "origins:execute_command",
                        "command": "particle minecraft:dust_color_transition 0.6 0 0.7 1.2 1 1 1 ~ ~1 ~ 0.5 0.5 0.5 0.3 30"
                    },
                    {
                        "type": "origins:execute_command",
                        "command": "playsound minecraft:entity.allay.item_given player @a ~ ~ ~ 1 1"
                    },
                    {
                        "type": "origins:execute_command",
                        "command": "tag @s add disguise_tp"
                    },
                    {
                        "type": "origins:execute_command",
                        "command": "tag @s add disguise"
                    },
                    {
                        "type":"origins:delay",
                        "ticks":2,
                        "action":{
                        "type": "origins:execute_command",
                        "command": "execute store result score @s disguised run data get entity @e[limit=1,sort=nearest,tag=disguised] UUID[0] 1"
                        }
                    },
                    {
                        "type":"origins:delay",
                        "ticks":2,
                        "action":{
                        "type": "origins:execute_command",
                        "command": "tag @s remove disguise"
                        }
                    }
                ]
            }
        },
        {
            "type": "origins:actor_action",
            "action": {
                "type": "origins:and",
                "actions": [
                    {
                        "type": "origins:execute_command",
                        "command": "power grant @s hypno:playstyle/hephaestus/tanuki/disguised"
                    },
                    {
                        "type": "origins:execute_command",
                        "command": "particle minecraft:dust_color_transition 0.6 0 0.7 1.2 1 1 1 ~ ~1 ~ 0.5 0.5 0.5 0.3 30"
                    },
                    {
                        "type": "origins:execute_command",
                        "command": "tag @s add disguised"
                    },
                    {
                        "type": "origins:execute_command",
                        "command": "execute store result score @s disguised run data get entity @s UUID[0] 1"
                    },
                    {
                        "type": "eggolib:set_perspective",
                        "perspective": "third_person_back"
                    },
                    {
                        "type":"origins:delay",
                        "ticks":1,
                        "action":{
                        "type": "origins:execute_command",
                        "command": "tp @s @e[limit=1,sort=nearest,tag=disguise]"
                        }
                    }
                ]
            }
        }
    ]
    },
        "bientity_condition":  {
            "type":"origins:and",
            "conditions":[{
            "type":"origins:target_condition",
            "condition":{
            "type":"origins:and",
            "conditions":[
            {
                "type": "origins:living"
            },
            {
                "type": "origins:in_tag",
                "tag": "hypno:disguisable"
            },
            {
                "type": "origins:command",
                "command": "execute if entity @s[tag=disguise_tp]",
                "comparison": "==",
                "compare_to": 0
            }
        ]
        }
        },
        {
            "type":"origins:actor_condition",
            "condition":{
            "type":"origins:and",
            "conditions":[
            {
                "type": "origins:command",
                "command": "execute if entity @s[tag=disguise_tp]",
                "comparison": "==",
                "compare_to": 0
            }
        ]
        }
        }
    ]
    },  
        "item_condition": {
            "type": "origins:empty"
        },
        "hands": [
            "main_hand"
        ],
        "condition": {
            "type": "origins:sneaking"
        }
    },
    "hidden": false
}