{
    "name":"Lucky",
    "description":"You're quite lucky. By default, you have Looting I and Fortune I.",
    "type": "origins:multiple",
    "fortune":{
        "type": "apugli:modify_enchantment_level",
        "enchantment": "minecraft:fortune",
        "modifiers": [
            {
                "operation": "addition",
                "value": 1
            }
        ]
    },
    "looting":{
        "type": "apugli:modify_enchantment_level",
        "enchantment": "minecraft:looting",
        "modifiers": [
            {
                "operation": "addition",
                "value": 1
            }
        ]
    },
    "hidden": false
}