{
    "name": "Shapeshift",
    "description": "Using your [PRIMARY ABILITY KEY], you will shapeshift into an entity. Depending on your surrondings, the entity will change. To leave shapeshift, use [SNEAK].",
    "type": "origins:multiple",
    "use": {
        "type": "origins:active_self",
        "entity_action": {
            "type": "origins:and",
            "actions": [
                {
                    "type": "origins:execute_command",
                    "command": "power grant @s hypno:playstyle/hephaestus/tanuki/shapeshifting"
                },
                {
                    "type": "origins:execute_command",
                    "command": "tag @s add shapeshifter"
                },
                {
                    "type": "origins:execute_command",
                    "command": "playsound simplyswords:magic_sword_spell_01 player @a[distance=..16] ~ ~ ~ 1 1.4"
                },
                {
                    "type": "origins:execute_command",
                    "command": "playsound minecraft:item.lodestone_compass.lock player @s ~ ~ ~ 1 0.5"
                },
                {
                    "type": "origins:execute_command",
                    "command": "particle minecraft:entity_effect ~ ~ ~ 1 1 1 1 100"
                },
                {
                    "type": "origins:execute_command",
                    "command": "particle minecraft:instant_effect ~ ~ ~ 1 1 1 1 100"
                },
                {
                    "type": "origins:if_else_list",
                    "actions": [
                        {
                            "condition": {
                                "type":"origins:and",
                                "conditions":[{
                                "type": "origins:biome",
                                "biomes": [
                                    "minecraft:windswept_hills",
                                    "minecraft:windswept_forest",
                                    "minecraft:windswept_gravelly_hills",
                                    "minecraft:savanna_plateau"
                                ]
                            }
                        ]
                    },
                            "action": {
                                "type": "origins:and",
                                "actions": [
                                    {
                                        "type": "origins:execute_command",
                                        "command": "summon llama ~ ~ ~ {DeathLootTable:\"minecraft:empty\",CanPickUpLoot:0b,NoAI:1b,Tags:[\"shapeshift\"]}"
                                    },
                                    {
                                        "type": "origins:execute_command",
                                        "command": "scale set pehkui:height 1.04"
                                    },
                                    {
                                        "type": "origins:execute_command",
                                        "command": "scale set pehkui:width 1.45"
                                    },
                                    {
                                        "type": "origins:execute_command",
                                        "command": "scale set pehkui:eye_height 1.4"
                                    }
                                ]
                            }
                        },
                        {
                            "condition":{
                                "type":"origins:and",
                                "conditions":[{
                                "type": "origins:biome",
                                "biomes": [
                                    "minecraft:windswept_hills",
                                    "minecraft:windswept_forest",
                                    "minecraft:windswept_gravelly_hills",
                                    "minecraft:savanna_plateau"
                                ],
                                "inverted": true
                            },
                            {
                                "type": "origins:biome",
                                "condition": {
                                    "type": "origins:temperature",
                                    "comparison": ">",
                                    "compare_to": 0
                                }
                            },
                            {
                                "type": "origins:biome",
                                "biomes": [
                                    "minecraft:grove",
                                    "minecraft:snowy_taiga",
                                    "minecraft:old_growth_pine_taiga",
                                    "minecraft:old_growth_spruce_taiga",
                                    "minecraft:taiga"
                                ],
                                "inverted": true
                            }
                        ]
                    },
                            "action": {
                                "type": "origins:and",
                                "actions": [
                                    {
                                        "type": "origins:execute_command",
                                        "command": "summon wolf ~ ~ ~ {DeathLootTable:\"minecraft:empty\",CanPickUpLoot:0b,NoAI:1b,Tags:[\"shapeshift\"]}"
                                    },
                                    {
                                        "type": "origins:execute_command",
                                        "command": "scale set pehkui:eye_height 1.4"
                                    },
                                    {
                                        "type": "origins:execute_command",
                                        "command": "scale set pehkui:height 0.474"
                                    }
                                ]
                            }
                        },
                        {
                            "condition": {
                                    "type": "origins:and",
                                    "conditions": [
                                        {
                                            "type": "origins:biome",
                                            "condition": {
                                                "type": "origins:temperature",
                                                "comparison": "<=",
                                                "compare_to": 0
                                            }
                                        },
                                        {
                                            "type": "origins:biome",
                                            "biomes": [
                                                "minecraft:grove",
                                                "minecraft:snowy_taiga"
                                            ],
                                            "inverted": true
                                        }
                                    ]
                            },
                            "action": {
                                "type": "origins:and",
                                "actions": [
                                    {
                                        "type": "origins:execute_command",
                                        "command": "summon polar_bear ~ ~ ~ {DeathLootTable:\"minecraft:empty\",CanPickUpLoot:0b,NoAI:1b,Tags:[\"shapeshift\"]}"
                                    },
                                    {
                                        "type": "origins:execute_command",
                                        "command": "scale set pehkui:height 0.77"
                                    },
                                    {
                                        "type": "origins:execute_command",
                                        "command": "scale set pehkui:width 2.34"
                                    },
                                    {
                                        "type": "origins:execute_command",
                                        "command": "scale set pehkui:eye_height 1.3"
                                    }
                                ]
                            }
                        },
                        {
                            "condition": {
                                "type": "origins:and",
                                "conditions": [
                                    {
                                        "type": "origins:biome",
                                        "biomes": [
                                            "minecraft:grove",
                                            "minecraft:snowy_taiga",
                                            "minecraft:old_growth_pine_taiga",
                                            "minecraft:old_growth_spruce_taiga",
                                            "minecraft:taiga"
                                        ],
                                        "inverted": false
                                    }
                                ]
                            },
                            "action": {
                                "type": "origins:and",
                                "actions": [
                                    {
                                        "type": "origins:execute_command",
                                        "command": "summon fox ~ ~ ~ {DeathLootTable:\"minecraft:empty\",CanPickUpLoot:0b,NoAI:1b,Tags:[\"shapeshift\"]}"
                                    },
                                    {
                                        "type": "origins:execute_command",
                                        "command": "scale set pehkui:height 1.1"
                                    },
                                    {
                                        "type": "origins:execute_command",
                                        "command": "scale set pehkui:eye_height 1.2"
                                    }
                                ]
                            }
                        }
                    ]
                },
                {
                    "type": "origins:execute_command",
                    "command": "execute store result score @s shapeshift run data get entity @s UUID[0] 1"
                },
                {
                    "type": "origins:execute_command",
                    "command": "execute store result score @e[limit=1,sort=nearest,tag=shapeshift] shapeshift run data get entity @s UUID[0] 1"
                },
                {
                    "type": "origins:execute_command",
                    "command": "power grant @e[limit=1,sort=nearest,tag=shapeshift] hypno:playstyle/hephaestus/tanuki/shapeshifted"
                }
            ]
        },
        "condition": {
            "type":"origins:and",
            "conditions":[{
            "type": "origins:power",
            "power": "hypno:playstyle/hephaestus/tanuki/shapeshifting",
            "inverted": true
        },
        {
            "type": "origins:command",
            "command": "execute if entity @s[tag=disguise_tp]",
            "comparison": "==",
            "compare_to": 0
        }
    ]
    },
        "cooldown": 1200,
        "hud_render": {
            "sprite_location": "origins:textures/gui/community/huang/resource_bar_02.png",
            "bar_index": 5
        },
        "key": {
            "key": "key.origins.primary_active"
        }
    },
    "hidden": false
}