{
    "name": "Disguised",
    "type": "origins:multiple",
    "teleport": {
        "type": "origins:action_over_time",
        "entity_action": {
            "type": "origins:and",
            "actions": [
                {
                    "type": "origins:execute_command",
                    "command": "execute as @e[tag=shapeshift] if score @s shapeshift = @p[tag=shapeshifter] shapeshift at @s run tp @s @p[tag=shapeshifter]"
                },
                {
                    "type": "origins:execute_command",
                    "command": "execute as @e[limit=1,sort=nearest,tag=shapeshift] if score @s shapeshift = @p shapeshift store result entity @s Rotation[0] float 1 run data get entity @p Rotation[0] 1"
                },
                {
                    "type": "origins:execute_command",
                    "command": "execute as @e[limit=1,sort=nearest,tag=shapeshift] if score @s shapeshift = @p shapeshift store result entity @s Rotation[1] float 1 run data get entity @p Rotation[1] 1"
                }
            ]
        },
        "interval": 1
    },
    "ignore": {
        "type": "apugli:mobs_ignore"
    },
    "invisible": {
        "type": "origins:invisibility",
        "render_armor": false
    },
    "no_footstep":{
        "type": "apugli:custom_footstep",
        "muted": true
    },
    "no_block_interaction": {
        "type": "origins:prevent_block_selection"
    },
    "prevent_item_use": {
        "type": "origins:prevent_item_use"
    },
    "prevent_collision": {
        "type": "origins:prevent_entity_collision"
    },
    "no_damage_taken": {
        "type": "origins:modify_damage_taken",
        "modifier": {
            "name": "No damage",
            "operation": "multiply_total",
            "value": -1
        }
    },
    "no_damage_dealt": {
        "type": "origins:modify_damage_dealt",
        "modifier": {
            "name": "No damage",
            "operation": "multiply_total",
            "value": -1
        }
    },
    "jump_out": {
        "type": "origins:active_self",
        "entity_action": {
            "type": "origins:and",
            "actions": [
                {
                    "type": "origins:execute_command",
                    "command": "tag @s remove shapeshifter"
                },
                {
                    "type": "origins:execute_command",
                    "command": "execute as @e[tag=shapeshift] if score @s shapeshift = @p shapeshift at @s run tp @s ~ -300 ~"
                },
                {
                    "type": "origins:execute_command",
                    "command": "execute as @e[tag=shapeshift] if score @s shapeshift = @p shapeshift at @s run tag @s remove shapeshift"
                },
                {
                    "type": "origins:execute_command",
                    "command": "execute as @e[tag=shapeshift] if score @s shapeshift = @p shapeshift at @s run kill @s"
                },
                {
                    "type": "origins:execute_command",
                    "command": "scale reset @s"
                },
                {
                    "type": "origins:execute_command",
                    "command": "tag @s remove shapeshifter"
                },
                {
                    "type": "origins:change_resource",
                    "resource": "hypno:playstyle/hephaestus/tanuki/shapeshifting_leave",
                    "change": 1
                }
            ]
        },
        "cooldown": 1,
        "hud_render": {
            "should_render": false
        },
        "key": {
            "key": "key.attack"
        }
    },
    "dog_sitting": {
        "type": "origins:active_self",
        "entity_action": {
            "type": "origins:and",
            "actions": [
                {
                    "type": "origins:if_else",
                    "condition": {
                        "type": "origins:command",
                        "command": "execute if entity @e[type=minecraft:wolf,limit=1,sort=nearest,tag=shapeshift,nbt={Sitting:0b}]",
                        "comparison": "==",
                        "compare_to": 1
                    },
                    "if_action": {
                        "type": "origins:execute_command",
                        "command": "data modify entity @e[limit=1,sort=nearest,type=minecraft:wolf,tag=shapeshift] Sitting set value 1b"
                    },
                    "else_action": {
                        "type": "origins:execute_command",
                        "command": "data modify entity @e[limit=1,sort=nearest,type=minecraft:wolf,tag=shapeshift] Sitting set value 0b"
                    }
                }
            ]
        },
        "cooldown": 1,
        "hud_render": {
            "should_render": false
        },
        "key": {
            "key": "key.sneak"
        }
    },
    "fox_sleeping": {
        "type": "origins:active_self",
        "entity_action": {
            "type": "origins:and",
            "actions": [
                {
                    "type": "origins:if_else",
                    "condition": {
                        "type": "origins:command",
                        "command": "execute if entity @e[type=minecraft:fox,limit=1,sort=nearest,tag=shapeshift,nbt={Sleeping:0b}]",
                        "comparison": "==",
                        "compare_to": 1
                    },
                    "if_action": {
                        "type": "origins:execute_command",
                        "command": "data modify entity @e[limit=1,sort=nearest,type=minecraft:fox,tag=shapeshift] Sleeping set value 1b"
                    },
                    "else_action": {
                        "type": "origins:execute_command",
                        "command": "data modify entity @e[limit=1,sort=nearest,type=minecraft:fox,tag=shapeshift] Sleeping set value 0b"
                    }
                }
            ]
        },
        "cooldown": 1,
        "hud_render": {
            "should_render": false
        },
        "key": {
            "key": "key.sneak"
        }
    },
    "llama_color": {
        "type": "origins:active_self",
        "entity_action": {
            "type": "origins:if_else_list",
            "actions": [
                {
                    "condition": {
                        "type": "origins:command",
                        "command": "execute if entity @e[type=minecraft:llama,limit=1,sort=nearest,tag=shapeshift,nbt={Variant:0}]",
                        "comparison": "==",
                        "compare_to": 1
                    },
                    "action": {
                        "type": "origins:execute_command",
                        "command": "data modify entity @e[limit=1,sort=nearest,type=minecraft:llama,tag=shapeshift] Variant set value 1"
                    }
                },
                {
                    "condition": {
                        "type": "origins:command",
                        "command": "execute if entity @e[type=minecraft:llama,limit=1,sort=nearest,tag=shapeshift,nbt={Variant:1}]",
                        "comparison": "==",
                        "compare_to": 1
                    },
                    "action": {
                        "type": "origins:execute_command",
                        "command": "data modify entity @e[limit=1,sort=nearest,type=minecraft:llama,tag=shapeshift] Variant set value 2"
                    }
                },
                {
                    "condition": {
                        "type": "origins:command",
                        "command": "execute if entity @e[type=minecraft:llama,limit=1,sort=nearest,tag=shapeshift,nbt={Variant:2}]",
                        "comparison": "==",
                        "compare_to": 1
                    },
                    "action": {
                        "type": "origins:execute_command",
                        "command": "data modify entity @e[limit=1,sort=nearest,type=minecraft:llama,tag=shapeshift] Variant set value 3"
                    }
                },
                {
                    "condition": {
                        "type": "origins:command",
                        "command": "execute if entity @e[type=minecraft:llama,limit=1,sort=nearest,tag=shapeshift,nbt={Variant:3}]",
                        "comparison": "==",
                        "compare_to": 1
                    },
                    "action": {
                        "type": "origins:execute_command",
                        "command": "data modify entity @e[limit=1,sort=nearest,type=minecraft:llama,tag=shapeshift] Variant set value 0"
                    }
                }
            ]
        },
        "cooldown": 5,
        "hud_render": {
            "should_render": false
        },
        "key": {
            "key": "key.sneak",
            "continuous": true
        }
    },
    "pola_beer": {
        "type": "origins:active_self",
        "entity_action": {
            "type": "origins:and",
            "actions": [
                {
                    "type": "origins:execute_command",
                    "command": "playsound horigins:vine_thud player @a ~ ~ ~ 1 1"
                }
            ]
        },
        "cooldown": 30,
        "hud_render": {
            "should_render": false
        },
        "key": {
            "key": "key.sneak",
            "continuous": false
        },
        "condition":{
            "type": "origins:command",
            "command": "execute if entity @e[type=minecraft:polar_bear,limit=1,sort=nearest,tag=shapeshift]",
            "comparison": "==",
            "compare_to": 1
        }
    },
    "leave": {
        "type": "origins:resource",
        "min": 0,
        "max": 1,
        "start_value": 0,
        "hud_render": {
            "should_render": false
        },
        "max_action": {
            "type": "origins:and",
            "actions": [
                {
                    "type": "origins:execute_command",
                    "command": "power remove @s hypno:playstyle/hephaestus/tanuki/shapeshifting_no_momentum"
                },
                {
                    "type": "origins:delay",
                    "ticks": 1,
                    "action": {
                        "type": "origins:add_velocity",
                        "z": -0.5,
                        "y": 0.5,
                        "space": "local"
                    }
                },
                {
                    "type": "origins:delay",
                    "ticks": 2,
                    "action": {
                        "type": "origins:execute_command",
                        "command": "power remove @s hypno:playstyle/hephaestus/tanuki/shapeshifting"
                    }
                }
            ]
        }
    },
    "hidden": false
}