{
    "name": "Forced back",
    "type": "origins:multiple",
    "duration": {
        "type": "origins:resource",
        "min": 0,
        "max": 50,
        "start_value": 50,
        "hud_render": {
            "should_render": false
        },
        "min_action": {
            "type": "origins:and",
            "actions": [
                {
                    "type": "origins:execute_command",
                    "command": "execute in hypno:island run tp @s -169 73 -24"
                },
                {
                    "type": "origins:execute_command",
                    "command": "power remove @s hypno:bonlo/bonlo_leave"
                }
            ]
        }
    },
    "duration_down": {
        "type": "origins:action_over_time",
        "entity_action": {
            "type": "origins:and",
            "actions": [
                {
                    "type": "origins:change_resource",
                    "resource": "hypno:bonlo/bonlo_leave_duration",
                    "change": -5
                }
            ]
        },
        "interval": 5
    },
    "fog": {
        "type": "moborigins:fog",
        "red": 1,
        "green": 1,
        "blue": 1,
        "start": -1,
        "end": 2
    },
    "no_movement": {
        "type": "origins:modify_velocity",
        "modifier": {
            "value": -1,
            "operation": "multiply_total"
        },
        "axes": [
            "x",
            "y",
            "z"
        ]
    },
    "no_camera_move": {
        "type": "eggolib:modify_mouse_sensitivity",
        "modifier": {
            "operation": "multiply_total",
            "value": -1
        }
    },
    "overlay":{
        "type": "origins:overlay",
        "texture": "minecraft:textures/item/bonlo.png",
        "strength": 1.0,
        "red": 1.0,
        "green": 1.0,
        "blue": 1.0,
        "draw_mode": "nausea",
        "draw_phase": "above_hud",
        "hide_with_hud": false,
        "visible_in_third_person": true
    }
}