{
    "type": "origins:multiple",
    "activate": {
      "type": "origins:active_self",
      "entity_action": {
          "type": "origins:and",
          "actions": [
            {
                "type": "origins:change_resource",
                "resource": "hypno:playstyle/artemis/kelpie/screech_timer",
                "change": 60
            }, 
              {
                "type": "origins:execute_command",
                "command": "playsound minecraft:entity.allay.death player @a ~ ~ ~ 3 0.5 1"
              },
              {
                "type": "origins:execute_command",
                "command": "particle minecraft:soul ~ ~1 ~ 0.5 0 0.5 0.1 100"
              },
              {
                "type": "origins:execute_command",
                "command": "particle minecraft:sculk_soul ~ ~1 ~ 0.5 0 0.5 0.5 100"
              }
          ]
      },
      "cooldown": 1200,
      "hud_render": {
        "sprite_location": "horigins:textures/resource_bar02.png",
        "bar_index": 5
    },
    "condition": {
        "type": "origins:sneaking",
        "inverted": true
    },
      "key": {
          "key": "key.origins.secondary_active",
          "continuous": false
        }
    },
    "timer_down": {
        "type": "origins:action_over_time",
        "entity_action": {
            "type": "origins:and",
            "actions": [
                {
                    "type": "origins:change_resource",
                    "resource": "hypno:playstyle/artemis/kelpie/screech_timer",
                    "change": -10
                }
            ]
        },
        "interval": 10
    }, 
    "timer": {
        "type": "origins:resource",
        "min": 0,
        "max": 60,
        "start_value": 0,
        "hud_render": {
            "should_render": false
        },
        "min_action": {
            "type":"origins:and",
            "actions":[ {
                "type": "origins:area_of_effect",
                "radius": 72,
                "bientity_action": {
                    "type": "origins:and",
                    "actions": [
                        {
                            "type": "origins:target_action",
                            "action": {
                                "type":"origins:and",
                                "actions":[{
                                "type": "origins:execute_command",
                                "command": "power grant @s hypno:playstyle/artemis/kelpie/deafened"
                            },
                            {
                                "type": "origins:delay",
                                "ticks": 1,
                                "action": {
                                    "type": "origins:execute_command",
                                    "command": "execute store result score @s screech run data get entity @p[tag=kelpie_screech] UUID[0] 1"
                                }
                            }
                        ]
                        }
                        },
                        {
                            "type": "origins:actor_action",
                            "action": {
                                "type": "origins:and",
                                "actions": [
                                    {
                                        "type": "origins:execute_command",
                                        "command": "tag @s add kelpie_screech"
                                    },
                                    {
                                        "type": "origins:execute_command",
                                        "command": "execute store result score @s screech run data get entity @s UUID[0] 1"
                                    },
                                    {
                                        "type": "origins:delay",
                                        "ticks": 2,
                                        "action": {
                                            "type": "origins:execute_command",
                                            "command": "tag @s remove kelpie_screech"
                                        }
                                    }
                                ]
                            }
                        }
                    ]
                },
                "bientity_condition": {
                    "type": "origins:and",
                    "conditions": [
                        {
                            "type": "origins:target_condition",
                            "condition": {
                                "type": "origins:and",
                                "conditions": [
                                    {
                                        "type": "origins:living"
                                    },
                                    {
                                        "type": "origins:moving"
                                    },
                                    {
                                        "type": "origins:in_tag",
                                        "tag": "hypno:living"
                                    }
                                ]
                            }
                        }
                    ]
                }
            }
            ]
        }
    },
    "name": "Screech",
    "description": "Using [SECONDARY ABILITY KEY], you will Screech, alarming entities to not move. If entities are caught moving 3 seconds after the screech, they will glow for the next 7 seconds and be totally deafened.",
    "badges": [
        {
            "type": "origins:tooltip",
            "sprite": "origins:textures/gui/badge/info.png",
            "text": "Entities affected by Screech will see their detection range reduced by 75%."
        }
    ]
  }