{
    "type": "origins:multiple",
    "name": "Soul Hook",
    "description": "Holding [USE] whilst having an empty offhand and an item in the mainhand will allow you to charge Soul Hook. Using Soul hook will pull toward the desired block or entity grappled, whilst hitting your Soul Anchor will tie your hook around it.",
    "use": {
        "type": "origins:active_self",
        "entity_action": {
            "type": "origins:and",
            "actions": [
                {
                    "type": "origins:change_resource",
                    "resource": "hypno:playstyle/artemis/kelpie/soulhook_resource",
                    "change": 10
                },
                {
                    "type": "origins:change_resource",
                    "resource": "hypno:playstyle/artemis/kelpie/soulhook_reset",
                    "change": 10
                },
                {
                    "type": "origins:execute_command",
                    "command": "playsound minecraft:entity.player.attack.sweep player @a ~ ~ ~ 3 0.8",
                    "permission_level": 4
                },
                {
                    "type": "origins:swing_hand",
                    "hand": "OFF_HAND"
                }
            ]
        },
        "cooldown": 3,
        "key": {
            "key": "key.origins.primary_active",
            "continuous": true
        },
        "hud_render": {
            "should_render": false
        },
        "condition": {
            "type": "origins:and",
            "conditions": [
                {
                    "type": "origins:equipped_item",
                    "equipment_slot": "mainhand",
                    "item_condition": {
                        "type": "origins:empty",
                        "inverted": true
                    }
                },
                {
                    "type": "origins:equipped_item",
                    "equipment_slot": "offhand",
                    "item_condition": {
                        "type": "origins:empty"
                    }
                },
                {
                    "type": "origins:submerged_in",
                    "fluid": "minecraft:water"
                },
                {
                    "type": "origins:resource",
                    "resource": "hypno:playstyle/artemis/kelpie/soulhook_cooldown",
                    "comparison": "==",
                    "compare_to": 100
                }
            ]
        }
    },
    "resource": {
        "type": "origins:resource",
        "min": 0,
        "max": 40,
        "start_value": 0,
        "hud_render": {
            "sprite_location": "horigins:textures/resource_bar02.png",
            "bar_index": 4,
            "condition": {
                "type": "origins:resource",
                "resource": "hypno:playstyle/artemis/kelpie/soulhook_resource",
                "comparison": ">=",
                "compare_to": 10
            }
        },
        "max_action": {
            "type": "origins:and",
            "actions": [
                {
                    "type": "origins:raycast",
                    "distance": 24,
                    "block": true,
                    "entity": true,
                    "shape_type": "visual",
                    "fluid_handling": "none",
                    "bientity_action": {
                        "type": "origins:and",
                        "actions": [
                            {
                                "type": "origins:target_action",
                                "action": {
                                    "type": "origins:change_resource",
                                    "resource": "hypno:playstyle/artemis/kelpie/anchored_duration",
                                    "change": 100
                                }
                            },
                            {
                                "type": "origins:actor_action",
                                "action": {
                                    "type": "origins:and",
                                    "actions": [
                                        {
                                            "type": "origins:execute_command",
                                            "command": "tag @s add hook",
                                            "permission_level": 4
                                        },
                                        {
                                            "type": "origins:change_resource",
                                            "resource": "hypno:playstyle/artemis/kelpie/anchors_binded",
                                            "change": 100
                                        },
                                        {
                                            "type": "origins:add_velocity",
                                            "z": -2,
                                            "space": "local"
                                        }
                                    ]
                                }
                            }
                        ]
                    },
                    "bientity_condition": {
                        "type": "origins:target_condition",
                        "condition": {
                            "type": "origins:and",
                            "conditions": [
                                {
                                    "type": "origins:living"
                                },
                                {
                                    "type": "origins:in_tag",
                                    "tag": "hypno:living"
                                },
                                {
                                    "type": "origins:power",
                                    "power": "hypno:playstyle/artemis/kelpie/anchored"
                                },
                                {
                                    "type": "origins:entity_type",
                                    "entity_type": "minecraft:drowned"
                                }
                            ]
                        }
                    },
                    "before_action": {
                        "type": "origins:execute_command",
                        "command": "playsound minecraft:block.chain.place player @a ~ ~ ~ 3 0.5",
                        "permission_level": 4
                    },
                    "hit_action": {
                        "type": "origins:add_velocity",
                        "z": 2,
                        "space": "local"
                    },
                    "command_at_hit": "particle supplementaries:green_flame ~ ~1 ~ 0.2 0.2 0.2 0.1 100",
                    "command_along_ray": "particle supplementaries:green_flame",
                    "command_step": 0.5,
                    "command_along_ray_only_on_hit": true
                },
                {
                    "type": "origins:delay",
                    "ticks": 1,
                    "action": {
                        "type": "origins:trigger_cooldown",
                        "power": "hypno:playstyle/artemis/kelpie/soulhook_use"
                    }
                },
                {
                    "type": "origins:delay",
                    "ticks": 1,
                    "action": {
                        "type": "origins:change_resource",
                        "resource": "hypno:playstyle/artemis/kelpie/soulhook_cooldown",
                        "change": -1200
                    }
                }
            ]
        }
    },
    "cooldown": {
        "type": "origins:resource",
        "min": 0,
        "max": 100,
        "start_value": 100,
        "hud_render": {
            "sprite_location": "origins:textures/gui/community/huang/resource_bar_02.png",
            "bar_index": 4,
            "condition": {
                "type": "origins:resource",
                "resource": "hypno:playstyle/artemis/kelpie/soulhook_cooldown",
                "comparison": "<",
                "compare_to": 100
            }
        }
    },
    "reload": {
        "type": "origins:action_over_time",
        "entity_action": {
            "type": "origins:change_resource",
            "resource": "hypno:playstyle/artemis/kelpie/soulhook_cooldown",
            "change": 10
        },
        "interval": 10
    },
    "reset": {
        "type": "origins:resource",
        "min": 0,
        "max": 10,
        "start_value": 10,
        "hud_render": {
            "should_render": false
        },
        "min_action": {
            "type": "origins:and",
            "actions": [
                {
                    "type": "origins:change_resource",
                    "resource": "hypno:playstyle/artemis/kelpie/soulhook_resource",
                    "change": -40
                }
            ]
        }
    },
    "reset2": {
        "type": "origins:action_over_time",
        "entity_action": {
            "type": "origins:change_resource",
            "resource": "hypno:playstyle/artemis/kelpie/soulhook_reset",
            "change": -5
        },
        "interval": 10
    },
    "slowdown": {
        "type": "origins:prevent_sprinting",
        "condition": {
            "type": "origins:and",
            "conditions": [
                {
                    "type": "origins:equipped_item",
                    "equipment_slot": "mainhand",
                    "item_condition": {
                        "type": "origins:empty",
                        "inverted": true
                    }
                },
                {
                    "type": "origins:equipped_item",
                    "equipment_slot": "offhand",
                    "item_condition": {
                        "type": "origins:empty"
                    }
                },
                {
                    "type": "origins:resource",
                    "resource": "hypno:playstyle/artemis/kelpie/soulhook_cooldown",
                    "comparison": "==",
                    "compare_to": 1200
                },
                {
                    "type": "apugli:key_pressed",
                    "key": {
                        "key": "key.origins.primary_active",
                        "continuous": true
                    }
                }
            ]
        }
    },
    "slowdown2": {
        "type": "origins:modify_velocity",
        "modifier": {
            "value": -0.6,
            "operation": "multiply_total"
        },
        "axes": [
            "x",
            "z"
        ],
        "condition": {
            "type": "origins:and",
            "conditions": [
                {
                    "type": "origins:equipped_item",
                    "equipment_slot": "mainhand",
                    "item_condition": {
                        "type": "origins:empty",
                        "inverted": true
                    }
                },
                {
                    "type": "origins:equipped_item",
                    "equipment_slot": "offhand",
                    "item_condition": {
                        "type": "origins:empty"
                    }
                },
                {
                    "type": "origins:resource",
                    "resource": "hypno:playstyle/artemis/kelpie/soulhook_cooldown",
                    "comparison": "==",
                    "compare_to": 1200
                },
                {
                    "type": "apugli:key_pressed",
                    "key": {
                        "key": "key.origins.primary_active",
                        "continuous": true
                    }
                }
            ]
        }
    }
}