{
    "name": "Haunting Spectre",
    "description": "As a spirit, you can breathe perfectly under the water as well as outside of it. Venturing for too long outside of the water will reduce your maximum health and your mining speed. Additionally, you do not eat; Instead, you use the Souls from the entities binded to your anchors as a feeding source.",
    "type": "origins:multiple",
    "water_breathing": {
        "type": "origins:action_over_time",
        "entity_action": {
            "type": "origins:gain_air",
            "value": 30
        },
        "interval": 10,
        "condition": {
            "type": "origins:submerged_in",
            "fluid": "minecraft:water"
        }
    },
    "swim_speed": {
        "type": "origins:modify_swim_speed",
        "modifier": {
            "operation": "multiply_base",
            "value": 1
        }
    },
    "water_vision": {
        "type": "origins:night_vision",
        "strength": 0.5,
        "condition": {
            "type": "origins:submerged_in",
            "fluid": "minecraft:water"
        }
    },
    "water_mining": {
        "type": "origins:modify_break_speed",
        "modifier": {
            "operation": "multiply_base",
            "value": 0.5
        },
        "condition": {
            "type": "origins:submerged_in",
            "fluid": "minecraft:water"
        }
    },
    "aquatic": {
        "type": "origins:entity_group",
        "group": "aquatic"
    },
    "spectral_hunger": {
        "type": "origins:modify_food",
        "food_modifier": {
            "name": "No food points",
            "operation": "multiply_total",
            "value": -1
        },
        "saturation_modifier": {
            "name": "No saturation points",
            "operation": "multiply_total",
            "value": -1
        }
    },
    "spectral_exhaust": {
        "type": "origins:modify_exhaustion",
        "modifier": {
            "name": "Increased exhaustion",
            "operation": "multiply_base",
            "value": -0.5
        }
    },
    "effect_immune": {
        "type": "origins:effect_immunity",
        "effects": [
            "minecraft:saturation",
            "minecraft:hunger"
        ]
    },
    "spectre": {
        "type": "origins:model_color",
        "alpha": 0.7,
        "condition": {
            "type": "origins:submerged_in",
            "fluid": "minecraft:water",
            "inverted": true
        }
    },
    "surface_fatigue": {
        "type": "origins:modify_break_speed",
        "modifier": {
            "operation": "multiply_base",
            "value": -0.5
        },
        "condition": {
            "type": "origins:submerged_in",
            "fluid": "minecraft:water",
            "inverted": true
        }
    },
    "health": {
        "type": "origins:resource",
        "min": 0,
        "max": 5,
        "start_value": 0,
        "hud_render": {
            "should_render": false
        }
    },
    "health_decrease": {
        "type": "origins:action_over_time",
        "entity_action": {
            "type": "origins:change_resource",
            "resource": "hypno:playstyle/artemis/kelpie/spectre_health",
            "change": 1
        },
        "interval": 100,
        "condition": {
            "type": "origins:submerged_in",
            "fluid": "minecraft:water",
            "inverted": true
        }
    },
    "health_increase": {
        "type": "origins:action_over_time",
        "entity_action": {
            "type": "origins:change_resource",
            "resource": "hypno:playstyle/artemis/kelpie/spectre_health",
            "change": -1
        },
        "interval": 50,
        "condition": {
            "type": "origins:submerged_in",
            "fluid": "minecraft:water"
        }
    },
    "less_heart1":
    {
        "type": "origins:conditioned_attribute",
        "modifier": {
            "attribute": "minecraft:generic.max_health",
            "operation": "addition",
            "value": -2,
            "name": "Decreased health"
        },
        "tick_rate": 10,
        "update_health": true,
        "condition": {
            "type": "origins:resource",
            "resource": "hypno:playstyle/artemis/kelpie/spectre_health",
            "comparison": ">=",
            "compare_to": 1     
    }
    },
    "less_heart2":
    {
        "type": "origins:conditioned_attribute",
        "modifier": {
            "attribute": "minecraft:generic.max_health",
            "operation": "addition",
            "value": -2,
            "name": "Decreased health"
        },
        "tick_rate": 10,
        "update_health": true,
        "condition": {
            "type": "origins:resource",
            "resource": "hypno:playstyle/artemis/kelpie/spectre_health",
            "comparison": ">=",
            "compare_to": 2
    }
    },
    "less_heart3":
    {
        "type": "origins:conditioned_attribute",
        "modifier": {
            "attribute": "minecraft:generic.max_health",
            "operation": "addition",
            "value": -2,
            "name": "Decreased health"
        },
        "tick_rate": 10,
        "update_health": true,
        "condition": {
            "type": "origins:resource",
            "resource": "hypno:playstyle/artemis/kelpie/spectre_health",
            "comparison": ">=",
            "compare_to": 3
    }
    },
    "less_heart4":
    {
        "type": "origins:conditioned_attribute",
        "modifier": {
            "attribute": "minecraft:generic.max_health",
            "operation": "addition",
            "value": -2,
            "name": "Decreased health"
        },
        "tick_rate": 10,
        "update_health": true,
        "condition": {
            "type": "origins:resource",
            "resource": "hypno:playstyle/artemis/kelpie/spectre_health",
            "comparison": ">=",
            "compare_to": 4    
    }
    },
    "less_heart5":
    {
        "type": "origins:conditioned_attribute",
        "modifier": {
            "attribute": "minecraft:generic.max_health",
            "operation": "addition",
            "value": -2,
            "name": "Decreased health"
        },
        "tick_rate": 10,
        "update_health": true,
        "condition": {
            "type": "origins:resource",
            "resource": "hypno:playstyle/artemis/kelpie/spectre_health",
            "comparison": ">=",
            "compare_to": 5   
    }
    },
    "hidden": false
}