{
    "name":"Stalked",
    "type": "origins:multiple",
    "stacks":
    {
        "type": "origins:resource",
        "min": 0,
        "max": 5,
        "start_value": 0,
        "hud_render": {
            "should_render": false
        },
        "max_action":{
            "type":"origins:and",
            "actions":[{
                "type": "origins:execute_command",
                "command": "power grant @s hypno:playstyle/artemis/kelpie/preyed"
            },
            {
        "type":"origins:delay",
        "ticks":1,
        "action":{
        "type": "origins:execute_command",
        "command": "power remove @s hypno:playstyle/artemis/kelpie/stalked"
            }
        }
        ]
    }
    },
    "stacks_reset":
    {
        "type": "origins:resource",
        "min": 0,
        "max": 90,
        "start_value": 90,
        "hud_render": {
            "should_render": false
        }
    },
    "stacks_lose_reset":{
        "type": "origins:action_over_time",
        "entity_action": {
            "type": "origins:and",
            "actions": [
                {
                    "type": "origins:change_resource",
                    "resource": "hypno:playstyle/artemis/kelpie/stalked_stacks_reset",
                    "change": -1
                }
            ]
        },
        "interval": 1
    },
    "stacks_lose":{
        "type": "origins:action_over_time",
        "entity_action": {
            "type": "origins:and",
            "actions": [
                {
                    "type": "origins:execute_command",
                    "command": "power remove @s hypno:playstyle/artemis/kelpie/stalked"
                }
            ]
        },
        "interval": 1,
        "condition": {
            "type": "origins:and",
            "conditions": [
                {
                    "type": "origins:resource",
                    "resource": "hypno:playstyle/artemis/kelpie/stalked_stacks_reset",
                    "comparison": "==",
                    "compare_to": 0
                }
    ]
    }
    },
    "hidden": true
}