{
    "name": "Golem-build",
	"description": "As a descendant of Ratatsokr, you've inherited a few traits. You're smaller, weaker (three less hearts), have the ability to climb and have negated fall damage. Also, you can [Sneak] in mid-air to stop any vertical momentum for a certain amount of time. ",
    "type": "origins:multiple",
    "scale": {
        "type": "origins:action_on_callback",
        "execute_chosen_when_orb": true,
        "entity_action_added": {
        "type": "origins:and",
        "actions": [
            {
                "type": "origins:execute_command",
                "command": "scale set pehkui:height 1.45",
                "permission_level": 4
            },
            {
                "type": "origins:execute_command",
                "command": "scale set pehkui:width 1.5",
                "permission_level": 4
            },
			{
                "type": "origins:execute_command",
                "command": "scale set pehkui:view_bobbing 0.5",
                "permission_level": 4
            },
			{
                "type": "origins:execute_command",
                "command": "scale set pehkui:step_height 1",
                "permission_level": 4
            },
			{
                "type": "origins:execute_command",
                "command": "scale set pehkui:held_item 0.5",
                "permission_level": 4
            }
        ]
    },
    "entity_action_respawned": {
        "type": "origins:and",
        "actions": [
            {
                "type": "origins:execute_command",
                "command": "scale set pehkui:height 1.3",
                "permission_level": 4
            },
            {
                "type": "origins:execute_command",
                "command": "scale set pehkui:width 1.2",
                "permission_level": 4
            },
			{
                "type": "origins:execute_command",
                "command": "scale set pehkui:view_bobbing 0.7",
                "permission_level": 4
            },
			{
                "type": "origins:execute_command",
                "command": "scale set pehkui:step_height 1",
                "permission_level": 4
            },
			{
                "type": "origins:execute_command",
                "command": "scale set pehkui:held_item 0.7",
                "permission_level": 4
            }
        ]
    },
        "entity_action_lost": {
            "type": "origins:and",
            "actions": [
                {
                    "type": "origins:execute_command",
                    "command": "scale reset pehkui:height @s",
                    "permission_level": 4
                },
                {
                    "type": "origins:execute_command",
                    "command": "scale reset pehkui:width @s",
                    "permission_level": 4
                },
                {
                    "type": "origins:execute_command",
                    "command": "scale reset pehkui:view_bobbing @s",
                    "permission_level": 4
                },
                {
                    "type": "origins:execute_command",
                    "command": "scale reset pehkui:step_height @s",
                    "permission_level": 4
                },
                {
                    "type": "origins:execute_command",
                    "command": "scale reset pehkui:held_item @s",
                    "permission_level": 4
                },
                {
                    "type": "origins:execute_command",
                    "command": "scale reset pehkui:knockback @s",
                    "permission_level": 4
                }
            ]
        }
    },

    "hearts": {
        "type": "origins:conditioned_attribute",
        "modifier": {
            "name": "Health decrease",
            "attribute": "minecraft:generic.max_health",
            "value": 20,
            "operation": "addition"
        },
        "update_health": true
    },
    "healing":{
        "type": "origins:modify_healing",
        "modifier": {
            "operation": "multiply_total",
            "value": -0.5
        }
    },
    "no_fall_damage":
    {
        "type": "origins:modify_damage_taken",
        "damage_condition": {
            "type": "origins:from_falling"
        },
        "modifier": {
            "name": "Invulnerable to fall",
            "operation": "multiply_total",
            "value": -1
        }
    },
    "air_speed_decrease":{
        "type": "origins:modify_air_speed",
        "modifier": {
            "operation": "multiply_total",
            "value": -0.25
        }
    },
    "speed_decrease":
    {
        "type": "origins:conditioned_attribute",
        "modifier": {
            "attribute": "minecraft:generic.movement_speed",
            "operation": "multiply_base",
            "value": -0.3,
            "name": "Decreased sprinting speed"
        },
        "tick_rate": 20
    },
    "jump_cooldown": {
        "type": "origins:resource",
        "min": 0,
        "max": 30,
        "hud_render": {
            "should_render": false
        }
    },
    "jump_reset": {
        "type": "origins:action_on_land",
        "entity_action": {
            "type": "origins:change_resource",
            "resource": "hypno:playstyle/hephaestus/golem/golem_jump_cooldown",
            "change": 30
        }
    },
    "prevent_jump":{
        "type": "origins:modify_jump",
        "modifier": {
            "operation": "addition",
            "value": -1
        },
        "condition": {
            "type": "origins:and",
            "conditions": [
                {
                    "type": "origins:resource",
                    "resource": "hypno:playstyle/hephaestus/golem/golem_jump_cooldown",
                    "comparison": ">",
                    "compare_to": 0
                }
            ]
        }
    },
    "jump_cooldown_down":
    {
        "type": "origins:action_over_time",
        "entity_action": {
            "type": "origins:and",
            "actions": [
                {
                    "type": "origins:change_resource",
                    "resource": "hypno:playstyle/hephaestus/golem/golem_jump_cooldown",
                    "change": -10
                }
            ]
        },
        "interval": 10
    },
    "no_regen":{
        "type": "origins:disable_regen"
    },    
    "immunity":{
        "type": "origins:effect_immunity",
        "effects": [
            "minecraft:hunger",
            "minecraft:saturation",
            "minecraft:regeneration"
        ]
    },
    "ignore_water":
    {
        "type": "origins:ignore_water"
    }
}