{
    "type": "origins:multiple",
    "activation": {
      "type": "origins:active_self",
      "entity_action": {
          "type": "origins:and",
          "actions": [
              {
                  "type": "origins:play_sound",
                  "sound": "create:mechanical_press_activation_belt_compounded_1",
                  "volume": 1.5,
                  "pitch": 0.5
              },
              {
                "type": "origins:change_resource",
                "resource": "*:*_seismic_resource",
                "change": 100
              }
          ]
      },
      "cooldown": 600,
      "hud_render": {
          "should_render": true,
          "sprite_location": "horigins:textures/resource_bar01.png",
          "bar_index": 10
      },
      "key": {
          "key": "key.origins.primary_active",
          "continuous": false
        }
    },
    "resource_use":
    {
        "type": "origins:action_over_time",
        "entity_action": {
            "type": "origins:and",
            "actions": [
                {
                    "type": "origins:change_resource",
                    "resource": "hypno:playstyle/hephaestus/golem/seismic_slam_seismic_resource",
                    "change": -10
                }
            ]
        },
        "interval": 10
    },
    "seismic_resource": {
        "type": "origins:resource",
        "min": 0,
        "max": 100,
        "hud_render": {
          "should_render": true,
          "sprite_location": "horigins:textures/resource_bar01.png",
          "bar_index": 1,
          "condition": {
            "type": "origins:resource",
            "resource": "*:*_seismic_resource",
            "comparison": ">",
            "compare_to": 0
          }
        }
      },
      "use": {
        "type": "origins:action_on_block_use",
        "block_action": {
            "type": "origins:and",
            "actions": [
                {
                    "type": "origins:execute_command",
                    "command": "particle minecraft:campfire_cosy_smoke ~ ~ ~ 0.5 0 0.5 0.05 10"
                },
                {
                    "type": "origins:execute_command",
                    "command": "playsound simplyswords:elemental_sword_earth_attack_03 player @a[distance=..16] ~ ~ ~ 1.5 0.9"
                }
            ]
        },
        "entity_action": {
            "type": "origins:and",
            "actions": [
                {
                    "type": "origins:if_else",
                    "condition": {
                        "type": "origins:resource",
                        "resource": "hypno:playstyle/hephaestus/golem/seismic_slam_eruption",
                        "comparison": "==",
                        "compare_to": 3
                    },
                    "if_action": {
                        "type":"origins:and",
                        "actions":[{
                        "type": "origins:block_action_at",
                        "block_action": {
                            "type":"origins:and",
                            "actions":[{
                            "type": "eggolib:area_of_effect",
                            "radius": 20,
                            "shape": "star",
                            "block_action": {
                                "type":"origins:and",
                                "actions":[{
                                "type": "origins:execute_command",
                                "command": "execute as @e[distance=..3] run power grant @s hypno:playstyle/hephaestus/golem/concussed"
                            },
                            {
                                "type": "origins:execute_command",
                                "command": "particle minecraft:dust_color_transition 0.7 0.7 0.7 1 0.5 0.5 0.5 ~ ~1 ~ 0.4 0 0.4 0.1 10"
                            }
                        ]
                            },
                            "block_condition": {
                                "type":"origins:and",
                                "conditions":[{
                                "type": "origins:movement_blocking"
                            },
                            {
                                "type": "origins:offset",
                                "condition": {
                                    "type": "origins:block",
                                    "block": "minecraft:air"
                                },
                                "y": 1
                            }
                        ]
                    }
                        },
                        {
                            "type": "eggolib:area_of_effect",
                            "radius": 16,
                            "shape": "star",
                            "block_action": {
                                "type": "origins:explode",
                                "power": 3,
                                "destruction_type": "break",
                                "damage_self": false,
                                "create_fire": false
                            },
                            "block_condition": {
                                "type": "origins:in_tag",
                                "tag": "hypno:ores_golem"
                            }
                        }
                    ]
                    }
                    },
                    {
                        "type": "origins:change_resource",
                        "resource": "hypno:playstyle/hephaestus/golem/seismic_slam_interval",
                        "change": 20
                    },
                    {
                        "type": "origins:delay",
                        "ticks": 1,
                        "action": {
                            "type":"origins:and",
                            "actions":[{
                            "type": "origins:change_resource",
                            "resource": "hypno:playstyle/hephaestus/golem/seismic_slam_seismic_resource",
                            "change": -100
                        },
                        {
                            "type": "origins:change_resource",
                            "resource": "hypno:playstyle/hephaestus/golem/seismic_slam_eruption",
                            "change": -5
                        }
                    ]
                }
                    }
                ]
            },
                    "else_action": {
                        "type":"origins:and",
                        "actions":[{
                        "type": "origins:change_resource",
                        "resource": "hypno:playstyle/hephaestus/golem/seismic_slam_eruption",
                        "change": 1
                    },
                    {
                        "type": "origins:change_resource",
                        "resource": "hypno:playstyle/hephaestus/golem/seismic_slam_interval",
                        "change": 20
                    }
                ]
            }
                }
            ]
        },
        "block_condition": {
            "type": "origins:offset",
            "condition": {
                "type": "origins:block",
                "block": "minecraft:air"
            },
            "y": 1
        },
        "directions": [
            "up"
        ],
        "condition": {
            "type": "origins:and",
            "conditions": [
                {
                    "type": "origins:resource",
                    "resource": "hypno:playstyle/hephaestus/golem/seismic_slam_interval",
                    "comparison": "==",
                    "compare_to": 0
                },
                {
                    "type": "origins:resource",
                    "resource": "hypno:playstyle/hephaestus/golem/seismic_slam_seismic_resource",
                    "comparison": ">",
                    "compare_to": 0
                }
            ]
        }
    },
    "interval": {
        "type": "origins:resource",
        "min": 0,
        "max": 20,
        "start_value": 0,
        "hud_render": {
            "should_render": false
        }
    },
    "eruption": {
        "type": "origins:resource",
        "min": 0,
        "max": 3,
        "start_value": 0,
        "hud_render": {
            "should_render": false
        }
    },
    "interval_down": {
        "type": "origins:action_over_time",
        "entity_action": {
            "type": "origins:change_resource",
            "resource": "hypno:playstyle/hephaestus/golem/seismic_slam_interval",
            "change": -1
        },
        "interval": 1
    },
    "name": "Ground Slam",
    "description": "You can activate a Slam ability with your [SECONDARY ABILITY KEY], knocking up everyone within a 5 block radius dealing 3 damage. If you hold the key whilst falling at a fast enough speed, you can charge a more powerful landing slam, nullifying 90% of all falling damage."
  }