{
    "name":"Lightly Equipped",
    "description":"With such extreme agility comes a cost; that of the armor you can wear. You can equip up to chainmail armor.",
    "type": "origins:multiple",
    "restrict":{
        "type": "origins:restrict_armor",
        "head": {
            "type": "origins:armor_value",
            "comparison": ">",
            "compare_to": 2
        },
        "chest": {
            "type": "origins:armor_value",
            "comparison": ">",
            "compare_to": 5
        },
        "legs": {
            "type": "origins:armor_value",
            "comparison": ">",
            "compare_to": 4
        },
        "feet": {
            "type": "origins:armor_value",
            "comparison": ">",
            "compare_to": 1
        }
    },
    "hidden": false
}