{
    "name":"In the blink of Odin's eye",
    "description":"Using your [Primary Ability Key], you can teleport 6 blocks in front of you. This ability can be used up to 4 times in a row, requiring a recharge for the rest.",
    "type": "origins:multiple",
    "resource": {
        "type": "origins:resource",
        "min": 0,
        "max": 100,
        "start_value" : 100,
        "hud_render": {
            "should_render": true,
            "sprite_location": "horigins:textures/resource_bar01.png",
            "bar_index": 12,
            "condition": {
                "type": "origins:resource",
                "resource": "hypno:playstyle/hermes/ratatoskr/blink_resource",
                "comparison": "<",
                "compare_to": 100
            }
        }
      },
    "resource_up":{
        "type": "origins:action_over_time",
        "entity_action": {
            "type": "origins:and",
            "actions": [
                {
                    "type": "origins:change_resource",
                    "resource": "hypno:playstyle/hermes/ratatoskr/blink_resource",
                    "change": 1
                }
            ]
        },     
        "interval": 2
    },
    "move":{
        "type": "origins:active_self",
        "entity_action": {
            "type": "origins:raycast",
            "distance": 6,
            "block": true,
            "entity": false,
            "shape_type": "visual",
            "fluid_handling": "none",
            "before_action": {
                "type": "origins:and",
                "actions": [
                    {
                        "type": "origins:change_resource",
                        "resource": "hypno:playstyle/hermes/ratatoskr/blink_resource",
                        "change": -25
                    },
                    {
                        "type": "origins:execute_command",
                        "command": "playsound minecraft:entity.enderman.teleport player @s ~ ~ ~ 2 1.5"
                    },
                    {
                        "type": "origins:add_velocity",
                        "y": 0,
                        "set": true
                    }
                ]
            },
            "command_along_ray": "function hypno:ratatp",
            "command_step": 0.5,
            "command_along_ray_only_on_hit": false
        },
        "cooldown": 5,
        "key": {
            "key": "key.origins.primary_active",
            "continuous": false
        },
        "hud_render": {
            "should_render": false
        },
        "condition":
        {
            "type": "origins:and",
            "conditions": [
        {
            "type": "origins:resource",
            "resource": "hypno:playstyle/hermes/ratatoskr/blink_resource",
            "comparison": ">=",
            "compare_to": 25
        },
        {
            "type": "origins:power",
            "power": "hypno:playstyle/hermes/ratatoskr/dysfunction",
            "inverted": true
        },
        {
            "type": "origins:power",
            "power": "hypno:playstyle/hermes/ratatoskr/portaling",
            "inverted": true
        }
        ]
    }
    },
    "hidden": false
}