{
    "name":"Portaling",
    "description":"(You're in another dimension)",
    "type": "origins:multiple",
    "resource":
    {
        "type": "origins:resource",
        "min": 0,
        "max": 70,
        "start_value": 70,
        "hud_render": {
            "sprite_location": "origins:textures/gui/resource_bar.png",
            "bar_index": 2
        },
        "min_action": {
            "type": "origins:and",
            "actions": [
                {
                    "type": "origins:execute_command",
                    "command": "execute as @e[tag=portal2,type=armor_stand] run execute if score @s ratatoskr_portal = @p ratatoskr_portal run tp @s ~ ~ ~"
                },
                {
                    "type": "origins:execute_command",
                    "command": "power remove @s hypno:playstyle/hermes/ratatoskr/portaling"
                }
            ]
        }     
    },
    "resource_use":{
        "type": "origins:action_over_time",
        "entity_action": {
            "type": "origins:and",
            "actions": [
                {
                    "type": "origins:change_resource",
                    "resource": "hypno:playstyle/hermes/ratatoskr/portaling_resource",
                    "change": -1
                }
            ]
        },
        "interval": 1
    },
    "overlay":
    {
        "type": "origins:overlay",
        "texture": "minecraft:textures/entity/end_portal.png",
        "strength": 0.5,
        "red": 0.6,
        "green": 1.0,
        "blue": 1.0,
        "draw_mode": "texture",
        "draw_phase": "below_hud",
        "hide_with_hud": false,
        "visible_in_third_person": true
    },
    "footsteps":
    {
        "type": "apugli:custom_footstep",
        "sound": "minecraft:block.amethyst_cluster.break"
    },
    "invisibility":{
        "type": "origins:invisibility",
        "render_armor": false
    },
    "fast_movement":
    {
        "type": "origins:modify_velocity",
        "modifier": {
          "value": 4,
          "operation": "multiply_total"
        },
        "axes": [
          "x",
          "z"
        ]
    },
    "no_damage":{
        "type": "origins:modify_damage_dealt",
        "modifier": {
            "name": "No damage",
            "operation": "multiply_total",
            "value": -1
        }
    },
    "no_damage_receive":{
        "type": "origins:modify_damage_taken",
        "modifier": {
            "name": "No damage",
            "operation": "multiply_total",
            "value": -1
        }
    },
    "no_entity":{
        "type": "origins:prevent_entity_render"
    },
    "no_sprint":{
        "type": "origins:prevent_sprinting"
    },
    "no_collision":{
        "type": "origins:prevent_entity_collision"
    },
    "no_block_interaction":{
        "type": "origins:prevent_block_selection"
    },
    "no_block_use":{
        "type": "origins:prevent_block_use"
    },
    "prevent_item_use":{
        "type": "origins:prevent_item_use"
    },
    "mobs_ignore":{
        "type": "apugli:mobs_ignore"
    },
    "shader":
    {
        "type": "origins:shader",
        "shader": "minecraft:shaders/post/sobel.json",
        "toggleable": false
    },
    "hidden": false
}