{
  "type": "origins:multiple",
  "duration": {
    "type": "origins:resource",
    "min": 0,
    "max": 1200,
    "start_value": 1200,
    "hud_render": {
      "should_render": false
    },
    "min_action": {
      "type": "origins:execute_command",
      "command": "kill @s"
    }
  },
  "up": {
    "type": "origins:action_over_time",
    "entity_action": {
      "type": "origins:change_resource",
      "resource": "hypno:playstyle/hermes/ratatoskr/portaled_duration",
      "change": -1
    },
    "interval": 1
  },
  "tp": {
    "type": "origins:action_over_time",
    "entity_action": {
      "type": "origins:and",
      "actions": [
        {
          "type": "origins:execute_command",
          "command": "execute as @e[distance=0.01..,tag=portal2,type=armor_stand] run execute if score @s ratatoskr_portal = @e[limit=1,sort=nearest,tag=portal1] ratatoskr_portal run function hypno:portal_tp"
        }
      ]
    },
    "interval": 1,
    "condition": {
      "type": "origins:and",
      "conditions": [
        {
          "type": "origins:resource",
          "resource": "hypno:playstyle/hermes/ratatoskr/portaled_duration",
          "comparison": ">",
          "compare_to": 70
        },
        {
          "type": "origins:command",
          "command": "execute if entity @s[tag=portal1]",
          "comparison": "==",
          "compare_to": 1
        },
        {
          "type": "apugli:entity_in_radius",
          "condition": {
            "type": "origins:living"
          },
          "radius": 1.0,
          "comparison": ">=",
          "compare_to": 1
        }
      ]
    }
  },
  "sounds": {
    "type": "origins:action_over_time",
    "entity_action": {
      "type": "origins:and",
      "actions": [
        {
          "type": "origins:execute_command",
          "command": "playsound minecraft:entity.enderman.teleport player @a ~ ~ ~ 1 2"
        },
        {
          "type": "origins:execute_command",
          "command": "playsound bettercombat:wand_swing player @a ~ ~ ~ 1 0.5"
        }
      ]
    },
    "interval": 20,
    "condition": {
      "type": "origins:and",
      "conditions": [
        {
          "type": "origins:resource",
          "resource": "hypno:playstyle/hermes/ratatoskr/portaled_duration",
          "comparison": ">",
          "compare_to": 70
        },
        {
          "type": "origins:command",
          "command": "execute if entity @s[tag=portal1]",
          "comparison": "==",
          "compare_to": 1
        }
      ]
    }
  },
  "particle_portal1": {
    "type": "origins:action_over_time",
    "entity_action": {
      "type": "origins:and",
      "actions": [
        {
          "type": "origins:execute_command",
          "command": "execute at @s run particle minecraft:dust_color_transition 1 1 1 2 1 1 1 ~ ~1 ~ 0 0 0 1 1 force @a"
        },
        {
          "type": "origins:execute_command",
          "command": "execute at @s run particle minecraft:dust_color_transition 0 0.3 0.7 1.2 1 1 1 ^ ^2 ^-1 0 0 0 1 1 force @a"
        },
        {
          "type": "origins:execute_command",
          "command": "execute at @s run particle minecraft:dust_color_transition 0 0.3 0.7 1.2 1 1 1 ^ ^2 ^1 0 0 0 1 1 force @a"
        },
        {
          "type": "origins:execute_command",
          "command": "execute at @s run particle minecraft:dust_color_transition 0 0.3 0.7 1.2 1 1 1 ^ ^1 ^-1 0 0 0 1 1 force @a"
        },
        {
          "type": "origins:execute_command",
          "command": "execute at @s run particle minecraft:dust_color_transition 0 0.3 0.7 1.2 1 1 1 ^ ^1 ^1 0 0 0 1 1 force @a"
        },
        {
          "type": "origins:execute_command",
          "command": "execute at @s run particle minecraft:dust_color_transition 0 0.3 0.7 1.2 1 1 1 ^ ^ ^-1 0 0 0 1 1 force @a"
        },
        {
          "type": "origins:execute_command",
          "command": "execute at @s run particle minecraft:dust_color_transition 0 0.3 0.7 1.2 1 1 1 ^ ^ ^1 0 0 0 1 1 force @a"
        },
        {
          "type": "origins:execute_command",
          "command": "execute at @s run tp @s ~ ~ ~ ~9 ~"
        }
      ]
    },
    "interval": 1,
    "condition": {
      "type": "origins:and",
      "conditions": [
        {
          "type": "origins:resource",
          "resource": "hypno:playstyle/hermes/ratatoskr/portaled_duration",
          "comparison": ">",
          "compare_to": 70
        },
        {
          "type": "origins:command",
          "command": "execute if entity @s[tag=portal1]",
          "comparison": "==",
          "compare_to": 1
        }
      ]
    }
  },
  "particle_portal2": {
    "type": "origins:action_over_time",
    "entity_action": {
      "type": "origins:and",
      "actions": [
        {
          "type": "origins:execute_command",
          "command": "execute at @s run particle minecraft:dust_color_transition 0 0.3 0.7 2 0 0.3 0.7 ~ ~1 ~ 0 0 0 1 1 force @a"
        },
        {
          "type": "origins:execute_command",
          "command": "execute at @s run particle minecraft:dust_color_transition 1 1 1 1.2 0 0.3 0.7 ^ ^2 ^-1 0 0 0 1 1 force @a"
        },
        {
          "type": "origins:execute_command",
          "command": "execute at @s run particle minecraft:dust_color_transition 1 1 1 1.2 0 0.3 0.7 ^ ^2 ^1 0 0 0 1 1 force @a"
        },
        {
          "type": "origins:execute_command",
          "command": "execute at @s run particle minecraft:dust_color_transition 1 1 1 1.2 0 0.3 0.7 ^ ^1 ^-1 0 0 0 1 1 force @a"
        },
        {
          "type": "origins:execute_command",
          "command": "execute at @s run particle minecraft:dust_color_transition 1 1 1 1.2 0 0.3 0.7 ^ ^1 ^1 0 0 0 1 1 force @a"
        },
        {
          "type": "origins:execute_command",
          "command": "execute at @s run particle minecraft:dust_color_transition 1 1 1 1.2 0 0.3 0.7 ^ ^ ^-1 0 0 0 1 1 force @a"
        },
        {
          "type": "origins:execute_command",
          "command": "execute at @s run particle minecraft:dust_color_transition 1 1 1 1.2 0 0.3 0.7 ^ ^ ^1 0 0 0 1 1 force @a"
        },
        {
          "type": "origins:execute_command",
          "command": "execute at @s run tp @s ~ ~ ~ ~9 ~"
        }
      ]
    },
    "interval": 1,
    "condition": {
      "type": "origins:and",
      "conditions": [
        {
          "type": "origins:resource",
          "resource": "hypno:playstyle/hermes/ratatoskr/portaled_duration",
          "comparison": ">",
          "compare_to": 70
        },
        {
          "type": "origins:command",
          "command": "execute if entity @s[tag=portal2]",
          "comparison": "==",
          "compare_to": 1
        }
      ]
    }
  }
}