{
    "name": "Horned Squirrel",
	"description": "As a descendant of Ratatsokr, you've inherited a few traits. You're smaller, weaker (three less hearts), have the ability to climb and have negated fall damage. Also, you can [Sneak] in mid-air to stop any vertical momentum for a certain amount of time. Finally, taking any form of damage will prevent you from using abilities. ",
    "type": "origins:multiple",
    "scale": {
        "type": "origins:action_on_callback",
        "execute_chosen_when_orb": true,
        "entity_action_added": {
        "type": "origins:and",
        "actions": [
            {
                "type": "origins:execute_command",
                "command": "scale set pehkui:height 0.75",
                "permission_level": 4
            },
            {
                "type": "origins:execute_command",
                "command": "scale set pehkui:width 0.75",
                "permission_level": 4
            },
			{
                "type": "origins:execute_command",
                "command": "scale set pehkui:view_bobbing 1.25",
                "permission_level": 4
            },
			{
                "type": "origins:execute_command",
                "command": "scale set pehkui:step_height 1",
                "permission_level": 4
            },
			{
                "type": "origins:execute_command",
                "command": "scale set pehkui:held_item 1.25",
                "permission_level": 4
            }
        ]
    },
    "entity_action_respawned": {
        "type": "origins:and",
        "actions": [
            {
                "type": "origins:execute_command",
                "command": "scale set pehkui:height 0.75",
                "permission_level": 4
            },
            {
                "type": "origins:execute_command",
                "command": "scale set pehkui:width 0.75",
                "permission_level": 4
            },
			{
                "type": "origins:execute_command",
                "command": "scale set pehkui:view_bobbing 1.25",
                "permission_level": 4
            },
			{
                "type": "origins:execute_command",
                "command": "scale set pehkui:step_height 1",
                "permission_level": 4
            },
			{
                "type": "origins:execute_command",
                "command": "scale set pehkui:held_item 1.25",
                "permission_level": 4
            }
        ]
    },
        "entity_action_lost": {
            "type": "origins:and",
            "actions": [
                {
                    "type": "origins:execute_command",
                    "command": "scale reset pehkui:height @s",
                    "permission_level": 4
                },
                {
                    "type": "origins:execute_command",
                    "command": "scale reset pehkui:width @s",
                    "permission_level": 4
                },
                {
                    "type": "origins:execute_command",
                    "command": "scale reset pehkui:view_bobbing @s",
                    "permission_level": 4
                },
                {
                    "type": "origins:execute_command",
                    "command": "scale reset pehkui:step_height @s",
                    "permission_level": 4
                },
                {
                    "type": "origins:execute_command",
                    "command": "scale reset pehkui:held_item @s",
                    "permission_level": 4
                },
                {
                    "type": "origins:execute_command",
                    "command": "scale reset pehkui:knockback @s",
                    "permission_level": 4
                }
            ]
        }
    },

    "lessheart": {
        "type": "origins:attribute",
        "modifier": {
            "name": "Max health increase",
            "attribute": "minecraft:generic.max_health",
            "value": -6,
            "operation": "addition"
        }
    },
    "roll_uses":{
        "type": "origins:attribute",
        "modifier": {
            "name": "Max health increase",
            "attribute": "combatroll:count",
            "value": 2,
            "operation": "addition"
        }
    },
    "roll_recharge":{
        "type": "origins:attribute",
        "modifier": {
            "name": "Max health increase",
            "attribute": "combatroll:recharge",
            "value": 0.25,
            "operation": "multiply_total"
        }
    },
    "climbing":{
        "type": "origins:climbing",
        "condition":  {
            "type": "origins:collided_horizontally"
        },
        "hold_condition": {
            "type":"origins:and",
            "conditions":[{
            "type": "origins:sneaking"
                },
                {
                    "type": "origins:collided_horizontally"
                }
            ]
        }
    },
    "fall_damage":{
        "type": "origins:modify_damage_taken",
        "damage_condition": {
            "type": "origins:from_falling"
        },
        "modifier": {
            "name": "Reduced fall damage.",
            "operation": "multiply_total",
            "value": -0.5
        }
    },
    "branch":{
        "type": "origins:modify_velocity",
        "modifier": {
          "value": -1,
          "operation": "multiply_total"
        },
        "axes": [
          "y"
        ],
        "condition":{
            "type":"origins:and",
            "conditions":[{
            "type": "origins:sneaking"
                },
                {
                    "type": "origins:on_block",
                    "inverted": true
                },
                {
                    "type": "origins:resource",
                    "resource": "hypno:playstyle/hermes/ratatoskr/squirrel_resource",
                    "comparison": ">=",
                    "compare_to": 5
                },
                {
                    "type": "origins:power",
                    "power": "hypno:playstyle/hermes/ratatoskr/dysfunction",
                    "inverted": true
                },
                {
                    "type": "origins:power",
                    "power": "hypno:playstyle/hermes/ratatoskr/portaling",
                    "inverted": true
                }
            ]
        }
      },
      "resource": {
        "type": "origins:resource",
        "min": 0,
        "max": 100,
        "start_value": 100,
        "hud_render": {
            "should_render": true,
            "sprite_location": "horigins:textures/resource_bar01.png",
            "bar_index": 14,
            "condition":{
            "type":"origins:and",
            "conditions":[
            {
                "type": "origins:sneaking"
            },
            {
                "type": "origins:on_block",
                "inverted": true
            }
            ]
        }
        }
      },
      "resource_down":{
        "type": "origins:action_over_time",
        "entity_action": {
            "type":"origins:and",
            "actions":[{
            "type": "origins:change_resource",
            "resource": "hypno:playstyle/hermes/ratatoskr/squirrel_resource",
            "change": -5
                },
            {
            "type": "origins:execute_command",
            "command": "particle minecraft:dust_color_transition 0 0.6 0.6 1 0 0.9 0.5 ~ ~ ~ 0.3 0 0.3 1 100",
            "permission_level": 4
            },
            {
                "type": "origins:add_velocity",
                "y": 0,
                "set": true
            },
            {
            "type": "origins:execute_command",
            "command": "particle minecraft:glow ~ ~ ~ 0.2 0 0.2 0.01 100",
            "permission_level": 4
            },
            {
                "type": "origins:set_fall_distance",
                "fall_distance": 0
            }
            ]
        },
        "interval": 5,
        "condition":{
            "type":"origins:and",
            "conditions":[{
            "type": "origins:sneaking"
                },
                {
                    "type": "origins:resource",
                    "resource": "hypno:playstyle/hermes/ratatoskr/squirrel_resource",
                    "comparison": ">=",
                    "compare_to": 5
                },
                {
                    "type": "origins:on_block",
                    "inverted": true
                }
            ]
        }
    },
    "resource_up":{
        "type": "origins:action_over_time",
        "entity_action": {
            "type": "origins:change_resource",
            "resource": "hypno:playstyle/hermes/ratatoskr/squirrel_resource",
            "change": 5
        },
        "interval": 5,
        "condition":{
            "type":"origins:and",
            "conditions":[
                {
                    "type": "origins:on_block"
                }
            ]
        }
    },
    "dysfunction":{
        "type": "origins:action_when_damage_taken",
        "entity_action": {
            "type":"origins:and",
            "actions":[
            {
            "type": "origins:execute_command",
            "command": "power grant @s hypno:playstyle/hermes/ratatoskr/dysfunction",
            "permission_level": 4
            },
            {
            "type": "origins:execute_command",
            "command": "particle minecraft:glow ~ ~1 ~ 0.5 0.5 0.5 0.1 10",
            "permission_level": 4
            },
            {
            "type": "origins:execute_command",
            "command": "particle minecraft:dust_color_transition 0 1 0.5 1.5 0 0 0.2 ~ ~1 ~ 0.5 0.5 0.5 0.5 10",
            "permission_level": 4
            },
            {
            "type": "origins:execute_command",
            "command": "resource set @s hypno:playstyle/hermes/ratatoskr/dysfunction_resource 15",
            "permission_level": 4
            },
            {
            "type": "origins:execute_command",
            "command": "playsound minecraft:entity.fox.hurt player @a ~ ~ ~ 1 1.6 ",
            "permission_level": 4
            }
            ]
        },
        "cooldown": 1
    },
    "sounds":{
        "type": "apugli:custom_hurt_sound",
        "muted": true
    },
    "experienced":{
        "type": "origins:modify_xp_gain",
        "modifier": {
            "operation": "multiply_total",
            "value": 0.5
        }
    }
}