{
	"type": "origins:multiple",
    "darkness":{
        "type": "origins:stacking_status_effect",
        "min_stacks": 0,
        "max_stacks": 1,
        "duration_per_stack": 80,
        "effects": [
            {
                "effect": "minecraft:darkness",
                "is_ambient": true,
                "show_particles": false,
                "show_icon": false,
                "amplifier": 0
            }
        ],
        "condition": {
            "type": "origins:and",
            "conditions": [
                {
                    "type": "origins:resource",
                    "resource": "hypno:playstyle/artemis/minotaur/daytime_adjust",
                    "comparison": "<=",
                    "compare_to": 400
                },
                {
                    "type": "origins:in_rain",
                    "inverted": true
                },
                {
                    "type": "origins:exposed_to_sun"
                } 
            ]
        }
    },

    "exhaust":{
        "type": "origins:modify_exhaustion",
        "condition": {
            "type": "origins:and",
            "conditions": [
                {
                    "type": "origins:exposed_to_sky"
                },
                {
                    "type": "origins:daytime",
                    "inverted": false
                },
                {
                    "type": "origins:in_rain",
                    "inverted": true
                }
            ]
        },
        "modifier": {
            "name": "Increased exhaustion",
            "operation": "multiply_base",
            "value": 1.0
        }
    },

    "speed":{
        "type": "origins:conditioned_attribute",
        "modifier": {
            "attribute": "minecraft:generic.movement_speed",
            "operation": "multiply_base",
            "value": -0.30,
            "name": "decreased speed"
        },
        "tick_rate": 20,
        "condition": {
            "type": "origins:and",
            "conditions": [
            {
                "type": "origins:exposed_to_sky"
            },
            {
                "type": "origins:daytime",
                "inverted": false
            },
            {
                "type": "origins:in_rain",
                "inverted": true
            }
            ]
        }
    },
    "roll":{
        "type": "origins:conditioned_attribute",
        "modifier": {
            "attribute": "combatroll:distance",
            "operation": "multiply_base",
            "value": -1,
            "name": "decreased roll distance"
        },
        "tick_rate": 20,
        "condition": {
            "type": "origins:and",
            "conditions": [
            {
                "type": "origins:exposed_to_sky"
            },
            {
                "type": "origins:daytime",
                "inverted": false
            },
            {
                "type": "origins:in_rain",
                "inverted": true
            }
            ]
        }
    },
    "adjust":
    {
        "type": "origins:resource",
        "min": 0,
        "max": 600,
        "start_value": 600,
        "hud_render": {
            "should_render": true,
            "sprite_location": "origins:textures/gui/community/spiderkolo/resource_bar_02.png",
            "bar_index": 7
    }
    },
    "adjusting":{
        "type": "origins:action_over_time",
        "entity_action": {
            "type": "origins:change_resource",
            "resource": "hypno:playstyle/artemis/minotaur/daytime_adjust",
            "change": 10
        },
        "interval": 10,
        "condition":
        {
            "type": "origins:exposed_to_sun"
        }   
    },
    "disadjusting":{
        "type": "origins:action_over_time",
        "entity_action": {
            "type": "origins:change_resource",
            "resource": "hypno:playstyle/artemis/minotaur/daytime_adjust",
            "change": -60
        },
        "interval": 10,
        "condition":
        {
            "type": "origins:exposed_to_sun",
            "inverted": true
        }   
    },
    "name":"Used to the darkness",
    "description":"Whilst under the sun, you get greatly overwhelmed. You exhaust much faster, move much slower and have trouble seeing anything.",
    "badges": [
        {
            "sprite": "minecraft:textures/mob_effect/darkness.png",
            "text": "Staying long enough in the daylight will adjust you to the sun. But, going back to the shade will disadjust you."
        }
    ]
}