{
	"type": "origins:prevent_item_use",
	"item_condition": {
		"type": "origins:or",
		"conditions": [
		{	
		"type": "origins:ingredient",
		"ingredient": {
			"tag": "*:cant_use"
		}
	}
    ]
	},
	"name": "Head-on mentality",
    "description": "Due to your beliefs, you think ranged weapons are for cowardice. You refuse stoop to that low just to make combat easier.",
	"badges": [
        {
            "sprite": "minecraft:textures/item/bow.png",
            "text": "No bows and crossbows for you."
        }
    ]
}