{
    "name": "Vegetarian",
	"description": "After spending so many years down in the labyrinth, you got used to what you could scavage. For this reason, you are a vegetarian. Additionally; you can eat mushrooms!",
    "type": "origins:multiple",
    "unedible_items": {
    "type": "origins:prevent_item_use",
    "item_condition": {
        "type": "origins:ingredient",
        "ingredient": {
            "tag": "hypno:meat"
        }
    }
    },
    "unedible_blocks":
    {
        "type": "origins:prevent_block_use",
        "block_condition": {
            "type": "origins:in_tag",
            "tag": "hypno:meat"
        }
    },
    "edible_brown_mushroom":
    {
        "type": "apugli:edible_item",
        "item_condition": {
            "type": "apoli:ingredient",
            "ingredient": {
                "item": "minecraft:brown_mushroom"
            }
        },
        "food_component": {
            "hunger": 4,
            "saturation": 1,
            "meat": false
        },
        "use_action": "eat"
    },
    "edible_red_mushroom":
    {
        "type": "apugli:edible_item",
        "item_condition": {
            "type": "apoli:ingredient",
            "ingredient": {
                "item": "minecraft:red_mushroom"
            }
        },
        "food_component": {
            "hunger": 4,
            "saturation": 1,
            "meat": false
        },
        "use_action": "eat"
    }
}